n,m,R,R_next,C_reverse,eta_R_xi,J,omega,source_fisher2,poisson_source_bound,corrected_chi2,poisson_chi2_bound,correction_transport_error,ledger_error
8,3,2.469248332776796e-16,5.64278525006209e-11,5.642781615927805e-11,1.3962007583836772e-19,-2.1072311050846173e-16,17.24918717773437,6.936895200656763e-33,1.1895078942113343e-05,7.908884469499196e-06,0.004880232021002282,1.734723475976807e-17,2.4349177915778056e-27
10,3,2.9742644299157496e-16,2.5123120169776044e-12,2.512023603800367e-12,2.1477631848721644e-20,-9.034743386098085e-18,19.381774756707753,1.5203627442161314e-32,6.528978768836427e-07,1.0343498851807708e-06,0.001142186313207808,5.204170427930421e-18,-7.67167230327434e-29
10,4,2.5123120169776044e-12,3.2446818819923937e-09,3.1630466421899066e-09,9.701162182028603e-12,6.94217656034808e-11,24.66084128778991,4.3140097732347254e-11,3.000912872321508e-05,3.792379392720775e-05,0.007758610311382864,8.673617379884035e-18,-6.462348535570529e-26
12,3,-9.947748197013833e-17,3.974149003289608e-13,3.993881376269502e-13,1.4619275645647451e-19,-1.8739060087756974e-15,2.6777218567327483,2.676629748831181e-32,1.2027452388366908e-07,2.9840226629211624e-07,0.0004901777178633277,6.071532165918825e-18,-1.932709217791479e-29
12,4,3.974149003289608e-13,1.1279397674440414e-10,1.093566108800659e-10,7.781785759297176e-13,2.261772388079557e-12,28.32264742292365,7.796850726102377e-13,1.5047427663417525e-06,4.278502200910994e-06,0.0017343575783104938,3.469446951953614e-18,7.270142102516845e-27
12,5,1.1279397674440414e-10,3.1988655439162114e-08,2.9141486240232687e-08,3.995021371477129e-10,2.3348730850373094e-09,32.92810589153599,1.8998244805326624e-09,6.266488107380724e-05,0.00011977281022446912,0.011224241928875672,3.903127820947816e-18,1.6543612251060553e-24
14,3,5.104297330247161e-16,1.0805472347652208e-13,1.0815776753815009e-13,-1.8942125940531998e-20,-6.134548525267929e-16,0.2239378667472354,5.520788338066887e-33,3.643864973273672e-08,1.219091039921094e-07,0.00026980080333089177,2.6020852139652106e-18,2.465190328815662e-30
14,4,1.0805472347652208e-13,1.4112988472328406e-11,1.3593705265891573e-11,1.4106582839485282e-13,2.701626545654591e-13,4.516192070320339,6.568169769473026e-14,2.626644718262385e-07,1.1117673176696202e-06,0.0007244689053980664,1.3010426069826053e-18,1.0097419586828951e-28
14,5,1.4112988472328406e-11,1.1331983506249782e-09,1.0248266653029625e-09,2.5709493221772294e-11,6.854920362791507e-11,38.63317151522091,2.7332673439095887e-11,2.949257243410546e-06,1.2575279543273387e-05,0.002428661699284811,1.5178830414797062e-18,-1.4217166778255163e-25
14,6,1.1331983506249782e-09,1.5601617642508803e-07,1.3251562880076136e-07,3.6518411947120242e-09,1.8715508078989666e-08,41.90038744093238,1.866609299417325e-08,0.00011530783704818037,0.00028705612793871257,0.01524554171817785,1.951563910473908e-18,1.3234889800848443e-23
16,3,1.6219995920633556e-15,4.0067293924102374e-14,3.9257547247061695e-14,-2.1061596807296773e-20,-8.122318534258697e-16,0.01440867332416612,1.1979389307703475e-32,1.4489943588847297e-08,6.064277566053779e-08,0.00017013702004131556,1.3010426069826053e-18,1.1832913578315177e-30
16,4,4.0067293924102374e-14,3.1435275307968638e-12,3.0064912610099036e-12,3.853294483125819e-14,5.84360310315996e-14,0.42990692996000474,1.0916357660599725e-14,7.680527952599766e-08,4.204172142252467e-07,0.0003917419775396278,7.589415207398531e-19,1.8932661725304283e-28
16,5,3.1435275307968638e-12,1.3535941273694152e-10,1.2125036476190595e-10,3.869251571676839e-12,7.096268872561867e-12,6.9659734683489996,1.89830330703122e-12,4.937507612183207e-07,3.0728699474738906e-06,0.0009933941898991599,5.421010862427522e-19,0.0
16,6,1.3535941273694152e-10,5.686934802995878e-09,4.75772286316955e-09,2.270406169063078e-10,5.668119101830799e-10,50.19386585022686,2.597822691324411e-10,5.188998940683492e-06,2.9387635665036198e-05,0.003222315798969539,4.336808689942018e-19,-6.203854594147708e-25
16,7,5.686934802995878e-09,5.235528302130014e-07,4.1746720125940506e-07,1.735168245124994e-08,8.304701169935053e-08,51.44646125155916,9.129571025996972e-08,0.00019364184923180533,0.0005716362640739061,0.01978589525199374,8.673617379884035e-19,2.6469779601696886e-23
18,3,-1.5491486064395546e-15,1.49530950293591e-14,1.718293629736198e-14,-4.9820552669457535e-20,-6.806428410106584e-16,0.0007853599931313079,2.708720557803485e-32,6.839395948599434e-09,3.423912223693553e-08,0.00011689048532399372,1.734723475976807e-18,2.7610131682735413e-30
18,4,1.49530950293591e-14,9.700746075116301e-13,9.247454930547041e-13,1.3513753378874122e-14,1.6862266048692783e-14,0.0310528344732316,2.6700625518591402e-15,2.9785722208167952e-08,1.970482085140663e-07,0.00024395471026402677,5.421010862427522e-19,8.204153414298523e-29
18,5,9.700746075116301e-13,2.8342626456655765e-11,2.5140548639050925e-11,9.06136928604216e-13,1.3258662814889946e-12,0.742974180909701,2.690948109130767e-13,1.4025168069896662e-07,1.1050789666902666e-06,0.0005294103174612852,3.2526065174565133e-19,0.0
18,6,2.8342626456655765e-11,6.756250508338387e-10,5.573640584174172e-10,3.244485204101022e-11,5.7473513918755596e-11,10.07587362233892,1.7036648556117284e-11,8.406332270829164e-07,6.955303152053499e-06,0.00129634474542942,2.439454888092385e-19,-5.169878828456423e-26
18,7,6.756250508338387e-10,1.972309574605683e-08,1.5367480091252873e-08,1.07801002733662e-09,2.601980576633499e-09,62.8931099397008,1.2831883117054828e-09,8.445527858017273e-06,5.849532346540814e-05,0.004112144223705848,2.981555974335137e-19,1.6543612251060553e-24
18,8,1.972309574605683e-08,1.3888797842281308e-06,1.0468383933060945e-06,5.7819523471407016e-08,2.644987717045725e-07,61.45221119066285,3.076824013424734e-07,0.0003033323619058342,0.0010006045908937428,0.02480419073667503,6.505213034913027e-19,-1.0587911840678754e-22
