编号,名称,来源仓库,分支或PR,对象,参数,原始主张,状态,致死证据,死因归类,后续,是否可能复活
P01,有限核共同移位至23/25,EULER/dpp-entropy-concavity,"sync01；Draft PR7；文件提交16d5d55269eca9725e5eb3f5d0e6ebd785396741",(a),"任意有限Hermitian正压缩K；0<=c<=23/25；0<=a<=1-c；任意n","“Bayes reallocation”与两层Fisher–Schur预算给出H''<=-(2/5)n，并由有限强Jensen传递到平稳率。",正面闭合（限定范围）,"papers/stationary-channel/main.tex §§4–6；computations/stationary/verify_stationary_double_budget*.py；主文件blob b391f581fe8f9fbcd5a24f2a7f6de73fcb8884da",不适用,"被37/40层及W02微延伸继承；证明结构也是后续高对比尝试的基线。",不适用
P02,W02通用微延伸,EULER/dpp-stationary-entropy,"PR13；ba48e51efcfc8cccb6055e579bf2a5df970b67f7",(a)(b),"任意有限K；0<=c<=925003/10^6；全闭合法a；任意n","“H_n''<=-n/1000”；同一有限强Jensen结论传给任意固定平稳符号。",正面闭合（限定范围）,"web_tasks/W02/PROOF.md；verify_bridge.py；receipt.json；冻结对象18bee13c9ddfb14797a6ac99157fe3e642f4a44c",不适用,"保留37/40层更强模数；不能外推到c=.95。",不适用
P03,PR4稀疏密度全移位区,EULER/dpp-stationary-entropy,"PR4；d6910de48c4b5bc52b35352645663a5ea12ebc1d",(b),"min(rho,1-rho)<=1/50；23/25<=c<=19/20；全闭合法a","“H_n''<=-(148/625)n”，继而得到真实平稳DPP熵率强凹。",正面闭合（限定范围）,"research/sine-structure-above-37-40-20260913/PROOF.md §6；audit/pr4-sine-independent-20260913/REVIEW.md",不适用,"与中心偏置局部区只能取并集，不能拼成未证笛卡尔盒。",不适用
P04,SA02中点强凹区,EULER/rl01,"PR3/PR11；74383ffba4419b1c20fe8926b23a4022c8df8d8c",(b),"rho=1/2；.925<=c<=.937；a=(1-c)/2","中点有H_n''<=-n/50的审定区。",正面闭合（限定范围）,"research/INDEPENDENT_REVIEW_20260918/SA02_C37_BOUNDARY.md",不适用,"S51只在极窄移位条带扩展；.95及全移位仍未付。",不适用
P05,S51窄移位条带,EULER/rl01,"PR31；6b4070352cc85a888501cb0e779b2495f1a13f7b",(b),"rho=1/2；.925<=c<=.937；|a-(1-c)/2|<=10^-9","冻结依赖下的窄条带强凹。",正面闭合（限定范围）,"research/INDEPENDENT_REVIEW_20260918/README.md",不适用,"有效窄区不因更宽估计失败而撤销。",不适用
P06,S63半径22局部区,EULER/rl01,"PR47；4aae11873a593fbc42d75d98586d8d4dc6a02b0e",(b),"rho=1/3；c=.95；.021<=a<=.024","H_n''<=-n/25+399。",正面闭合（限定范围）,"research/INDEPENDENT_REVIEW_20260918/S63_ROUND2_REVIEW.md",不适用,"QWE07继承22点核心并运输到窄密度带。",不适用
P07,QWE07窄密度运输,EULER/dpp-stationary-entropy + EULER/rl01,"stationary PR129 6a1eb3ae06bcf5a220cbb55b74ca7aef9ae3f0e4；rl01 PR52 b9bcbd5db6dc41d89893b2a5b91088551cf6ddac",(b),"c=.95；rho∈[1/3,1009/3000]；.021<=a<=.024","真实complete-configuration law上H_n''<=-n/25+399；严格有限负性仅n>=9976。",正面闭合（限定范围）,"research/INDEPENDENT_REVIEW_20260918/QWE07_CYCLE17_REPRODUCTION/README.md；1536 guards、55 nodes、每点2^22 words",不适用,"扩带、全a和全密度未闭合。",不适用
P08,S69移位区,EULER/rl01,"PR55；bf52b165e41ef57924e5db9fb9436e77b72dd8b1",(b),"rho=1/3；c=.95；.02<=a<=.0255","上舍入修复后得到限定强凹区。",正面闭合（限定范围）,"research/INDEPENDENT_REVIEW_20260918/S69_CYCLE18_REPLAY.md",不适用,"下一段(.0255,.03]未付；a=.026的冻结框架失败另列W02。",不适用
P09,S70偏置密度盒,EULER/rl01,"PR53；e9a5069528ba63c4d82f382cc8eaf2d77fb028e8",(b),"rho=1/3；.95<=c<=.9535；p∈[.42,.48]","限定参数盒内强凹。",正面闭合（限定范围）,"research/INDEPENDENT_REVIEW_20260918/S70_CYCLE18.md",不适用,"c=.96,p=.45的冻结见证失败另列W03。",不适用
P10,S74极端密度区,EULER/rl01,"PR64；49aae706927a43329fe0cfb7ed07ec94bcdd23cf",(b),".925<=c<=.95；.02<=a<=.03；min(rho,1-rho)<=10^-21","极窄边缘密度强凹。",正面闭合（限定范围）,"research/INDEPENDENT_REVIEW_20260920/S74_CYCLE26_REPLAY.md",不适用,"普通密度未覆盖；六点mixed entry不能改写为共同方向结论。",不适用
P11,S71与QWE08小尺寸MI,EULER/rl01,"PR60 69eb3af06e632d2eb2d32322ea7d51df355c4a06；PR70 ad7161a4d0634d2a538445c870b867b4172a2ac7",(e),"rank-one二部MI；真实半sine至n=3,4连续偏置","rank-one MI凸性及小尺寸区间证书在其范围内成立。",正面闭合（限定范围）,"research/INDEPENDENT_REVIEW_20260918/S71_CYCLE24_REPLAY.md；QWE08_CYCLE33/QWE08_CYCLE33_REVIEW.md",不适用,"不能把rank-one核线替换为rank-n共同移位。",不适用
P12,S76循环D-sector,EULER/rl01,"PR66；9292a5275619a682ed710cbb5e4a94d8642db29d",(c),"半填充中点循环模型；每层；0<c<1","修正循环律的D-sector逐层非正。",正面闭合（限定范围）,"research/INDEPENDENT_REVIEW_20260920/S76_CYCLE28_REPLAY.md",不适用,"X-sector、真实Toeplitz、偏心与一般密度未传回。",不适用
P13,S61单侧删除流,EULER/rl01,"PR44；b94d2b6578ea607cf8087b19ecf0b70144771953",(c),"指定半密度修正律；n→∞","W_rel>=-O(sqrt(n)log n)=-o(n)。",正面闭合（限定范围）,"research/INDEPENDENT_REVIEW_20260918/S61_CYCLE10_REVIEW.md",不适用,"这不是|W_rel|=o(n)，也不是到真实熵率的二阶桥。",不适用
P14,PR136固定物理符号路径,EULER/dpp-entropy-tools,"PR136；39098dac760cea2d27f2955bed31f80c87913810；merge f1c8b9a28dc6bb3abbfc8d69e3332c0550d8703d",(d),"f_t(theta)=1/2+cos(4πtheta)/4+t cos(2πtheta)/8；t∈[1/2,3/2]","真实Shannon熵率满足h''(t)<-1/3000。",正面闭合（限定范围）,"ENTROPY_KL_C2_TAIL.md；research/S2-pr136-independent-finite-audit-20260911/continuation/PR136_LOCAL_CONTINUATION.md",不适用,"保留complete-law二阶响应；旧PR112/115证书不因此获得认证。",不适用
P15,QWE02有隙边界响应,EULER/dpp-stationary-entropy + EULER/rl01,"stationary PR123 f359b3c0b7fa03de1f4824ab4986edb186c3e3e0；rl01 PR33 661bb2fcd1729a391f4785d962deb7c9c7ec0d82",(e),"固定有隙benchmark；δ>0","|MI''|<=32 δ^-12 ||K_AB||_HS^2；只给大小不判符号。",正面闭合（限定范围）,"research/INDEPENDENT_REVIEW_20260918/QWE02_BOUNDARY_RESPONSE.md",不适用,"δ^-12接口被QWE08复用；不能当共同移位曲率符号。",不适用
D01,S21逐系数支付,EULER/dpp-entropy-concavity + EULER/rl01,"rl01 PR49 10f186e94e71a659a3e08449cffe41671c1c4d82；docs提交16d5d55269eca9725e5eb3f5d0e6ebd785396741",(a),"六点Fourier投影；c=.95；a=1/40","企图逐项证明支付多项式每个系数非正。",方法被精确反例否定,"docs/methodbounds01.md： [c^36]U_P=94817639921336320/150094635296999121>0；同点H_aa≈-165.799，aggregate≈-77.28",逐项收费过强,"后续改用同一posterior中的带补偿平均。",否；被否定的是逐系数符号要求，原熵命题未被否定
D02,22点最近邻PSD分配,EULER/dpp-entropy-concavity,"docs/methodbounds01.md；提交16d5d55269eca9725e5eb3f5d0e6ebd785396741",(b),"rho=1/3；c=.95；a=.026；n=22","固定最近邻PSD分配与test function应支付目标负担。",只有见证/分配失败（方法本身未被否定）,"最大支付<=17.56799346358776726593；负担>=17.66432819592507325913；gap<=-0.09633473233730599320",其他（固定资源与测试分配不足）,"S63/QWE07改用不同参数区与更完整资源。",是；只否定该固定分配，但不建议只继续调同一test function
D03,六点后验零支付Jensen,EULER/dpp-entropy-concavity,"docs/methodbounds01.md；提交16d5d55269eca9725e5eb3f5d0e6ebd785396741",(b),"rho=1/2；c=19/20；a=1/40；n=6；条件word 00011","要求每个条件word的局部势Jensen差无需额外支付。",方法被精确反例否定,"Delta_Phi∈[-.106585307859143407,-.106585307859143406]；Delta_Chi约-.09639546527；所需lambda>0.625832574752639508>5/8",逐项收费过强,"真实律全部word的加权平均仍需带补偿处理。",否；零支付逐word主张已破，平均方法仍可能
D04,463/500点态双预算,EULER/dpp-stationary-entropy,"PR1证书链；review/verification.md；集成提交9ce5dd43d0b27f8f017fb2cff613b9572e9ed61d",(a)(b),"c=463/500=.926；精确有理可行局部表","继续要求g_+<=gamma(K+D)且gamma<=2。",方法被精确反例否定,"exact rational witness violates even gamma=2；review/claim-ledger.md",逐项收费过强,"高对比路线必须保留跨pair、跨state平均。",否；该点态常数已死，不是否定完整输出平均
D05,条件化曲率单调桥,EULER/dpp-stationary-entropy,"PR4；d6910de48c4b5bc52b35352645663a5ea12ebc1d",(e),"rho=1/2；c=.95；a=1/40；4096 outside histories；8192中心事件","更多双侧条件化会使中心预测曲率更负，并可单调传给单侧熵率。",方法被精确反例否定,"research/sine-structure-above-37-40-20260913/RESULTS.json与审查：MI''≈+24.571",量词顺序错误,"PR136完整响应保留p'F'与p''F项，绕开单调桥。",否；桥本身已破，但非线性预测增益和熵率命题未被否定
D06,S41旧complete-jet方向引理,EULER/rl01,"PR17/PR19；1dd3038e27b9d0840364d2dbbf05501dcb371546",(b),"十维投影；冻结半填充局部泛函","旧方向引理声称complete-jet具有所需统一符号。",方法被精确反例否定,"research/INDEPENDENT_REVIEW_20260918/S41_CYCLE04.md：exact 10-dimensional projection counterexample",逐项收费过强,"S41 Cycle05的Z0修复另列R01。",否；旧方向引理不可复用
D07,RL01 S3六点坏原子,EULER/rl01,"S3审查链；主快照4cf1a8e6682e44d741f877a5acc387854c3ab124",(b),"真实六点sine；高对比局部原子","一次性逐原子支付应逐word为好号。",方法被精确反例否定,"坏原子严格反号；同一证据同时给完整熵Hessian<-1000",逐项收费过强,"后续路线保留原子间抵消；该证据反而确认不是熵反例。",否；坏原子精确，但平均路线仍活
D08,S64原始窗口单调性,EULER/rl01,"PR46；10b4ba30ae899080581e0c769cbf6a26b8d02c86",(b),"固定窗口；真实posterior","两条原始窗口量应随窗口单调并直接给预算。",方法被精确反例否定,"research/INDEPENDENT_REVIEW_20260918/S64_CYCLE11_REVIEW.md记录两项raw monotonicities失败",量词顺序错误,"S64的KL长度工具被保留；S67另做Green预算。",否；单调性形式已破，工具子引理可继承
D09,S75旧逐word/一般密度漂移,EULER/rl01,"PR65；2ee4934155db0b7ef302b98e19ee6e9663de817f",(b),"单中心扩展到背景word或一般rho","背景逐word漂移及一般密度逐pair漂移应非负。",方法被精确反例否定,"research/INDEPENDENT_REVIEW_20260918/S75_CYCLE26/S75_CYCLE26_REVIEW.md记录二者可负",逐项收费过强,"只保留单中心真实无条件平均的正面结论。",否；逐word推广已破
D10,S77统一theta<1弱割支付,EULER/rl01,"PR67；66147b020e846aef73c82b5fcf78c9deb6d907af",(b),"所有弱割；高秩/全尺度目标","存在统一theta<1可支付Fisher–Burg弱割。",方法被精确反例否定,"research/INDEPENDENT_REVIEW_20260918/S77_CYCLE31/S77_CYCLE31_REVIEW.md",逐项收费过强,"visible body仍是有效工具；signed高秩全尺度付款未闭合。",否；统一常数形式已破
D11,计数熵快捷法,EULER/dpp-entropy-concavity,"docs/rejected-and-stalled-routes.md；fd7f3b4a6937f3b601371606bc5095a870aac12f",(b),"高对比真实sine","用|X|的计数熵替代完整配置Shannon熵。",方法被精确反例否定,"docs/entropy01.md与review/sources01.json明确区分完整配置律和count marginal",对象替换错误（计数熵、谱熵、循环模型等）,"真实律路线一律保留complete-event概率。",否；对象不相同
D12,谱熵快捷法,EULER/dpp-entropy-concavity,"docs/rejected-and-stalled-routes.md；fd7f3b4a6937f3b601371606bc5095a870aac12f",(a)(b),"一般有限核与sine Toeplitz","用Tr b(K)的谱函数替代配置Shannon熵。",方法被精确反例否定,"docs/entropy01.md对象表；review/claim-ledger.md",对象替换错误（计数熵、谱熵、循环模型等）,"完整事件行列式微分继续作为真实对象。",否；对象不相同
D13,逐项正性快捷法,EULER/rl01,"PR49；PR60；PR70",(a)(e),"S21六点；S71 rank-one展开","要求每个系数或每个单项均非负/非正。",方法被精确反例否定,"S21正的c^36系数；S71/QWE08出现-s^10/27单项",逐项收费过强,"只保留总和、分层或后验平均。",否；逐项符号已被精确项否定
D14,全局修正差凸性快捷法,EULER/rl01,"SA05 PR5/PR7；PR42/PR44",(c),"n=8修正律与真实律之差","E差应全局凸或全局凹，从而直接传回真实律。",方法被精确反例否定,"SA05审查：n=8 E difference neither convex nor concave",对象替换错误（计数熵、谱熵、循环模型等）,"QWE05/S61改做一侧删除KL与W_rel。",否；全局曲率符号主张已破
D15,任意二元输入渠道替代,EULER/dpp-entropy-concavity,"docs/rejected-and-stalled-routes.md；fd7f3b4a6937f3b601371606bc5095a870aac12f",(a),"任意相关Bernoulli输入","把DPP专有负相关/Schur结构丢掉后仍主张共同噪声凹性。",方法被精确反例否定,"固定页记录三比特非DPP输入反例",对象替换错误（计数熵、谱熵、循环模型等）,"后续限定为DPP complete-event结构。",否；泛化对象已被反例否定
D16,循环替换Toeplitz快捷法,EULER/dpp-entropy-concavity,"docs/rejected-and-stalled-routes.md；fd7f3b4a6937f3b601371606bc5095a870aac12f",(c)(b),"循环/clock近似替换真实Toeplitz","有限循环neutrality足以直接推出真实sine熵率。",方法被精确反例否定,"旧路线账：circulant substitutions are not the true Toeplitz law；clock只给O(n)成本",对象替换错误（计数熵、谱熵、循环模型等）,"S43/S45/S61显式登记修正律到真实律尚缺的二阶桥。",否；直接替换不成立，近似路线需另付误差
D17,信道复合提升对比度,EULER/dpp-entropy-concavity,"docs/rejected-and-stalled-routes.md；fd7f3b4a6937f3b601371606bc5095a870aac12f",(a),"从低c基线向高c","把高对比信道写成低对比信道再复合。",方法被精确反例否定,"旧路线账：channel composition cannot increase contrast",其他（信道参数方向错误）,"后续只能建立新的高对比预算或结构区。",否；参数单调方向错误
W01,S67 Green单pair预算,EULER/rl01,"PR51 8cb6f9b01b0b9b3e7f4ca80cbfef39ab5bfde43c；PR56 e30114f78d922146dcc7aef636289b163e54119a",(b),"真实posterior；Green预算；固定单pair","factor 1单pair付款即可支撑所需全局Fisher预算。",只有见证/分配失败（方法本身未被否定）,"research/INDEPENDENT_REVIEW_20260918/S67_CYCLE17_REPLAY.md与S67_CYCLE20_REVIEW.md：factor 1 single-pair payment fails",其他（单pair资源不足）,"factor 3/2及Green结构作为局部工具保留。",是；只否定factor 1单pair见证，但现有全局接口仍未付
W02,S69下一框架a=.026,EULER/rl01,"PR55；bf52b165e41ef57924e5db9fb9436e77b72dd8b1",(b),"rho=1/3；c=.95；a=.026","冻结S69框架应继续覆盖下一小段。",只有见证/分配失败（方法本身未被否定）,"research/INDEPENDENT_REVIEW_20260918/S69_CYCLE18_REPLAY.md：frozen frame fails at .026",其他（冻结框架余量不足）,"保留已证[.02,.0255]；下一段需换或强化见证。",是；是框架边界，不是H''正例；不建议无变化重跑同一框架
W03,S70在.96与.45的冻结见证,EULER/rl01,"PR53；e9a5069528ba63c4d82f382cc8eaf2d77fb028e8",(b),"rho=1/3；c=.96；p=.45","S70同一冻结证书可外推到更高对比。",只有见证/分配失败（方法本身未被否定）,"research/INDEPENDENT_REVIEW_20260918/S70_CYCLE18.md记录冻结witness失败",其他（证书余量不足）,"保留c<=.9535局部盒。",是；见证失败而非熵反例，但不建议原样外推
W04,S78 logdet补偿余量,EULER/rl01,"PR68；0e0df56a634b09545ae45caaacf2c693ddf4f885",(b),"rank-one reveal；reverse-KL telescope；moving pair","logdet补偿与R^-4尾可把总上界压到非正。",只有见证/分配失败（方法本身未被否定）,"research/INDEPENDENT_REVIEW_20260920/S78_CYCLE31/S78_CYCLE31_REPLAY.md：约220倍包络改进后总上界仍约+490.39；moving-pair obstruction",其他（补偿余量仍为正）,"非交换reveal与telescope被S79/后续保留。",是；结构工具未被否定，但需新的collective core/pair补偿；不建议只优化同一包络
W05,QWE09逐词零支付与巨大常数,EULER/dpp-stationary-entropy + EULER/rl01,"stationary PR131 bb9a95edc49a34f45775c011cb35f33b5c0f4d23；rl01 PR57/58/59",(b),"六点及n=12局部词；mask-uniform接口","逐词Phi零支付及当前常数足以推出全尺寸平均符号。",只有见证/分配失败（方法本身未被否定）,"QWE09_CYCLE22_REPLAY.md、ACTUAL_PAYMENT_CYCLE23.md、QWE09_ROUND2_REPLAY.md：严格局部障碍；当前gap常数约1.76e15不可用",逐项收费过强,"保留O(log n/sqrt n)接口，最终平均符号仍未付。",是；逐词形式已死，但mask-uniform接口可换资源再试；不建议追逐零支付
G01,SA01边界响应路线,EULER/rl01,"PR6；dacf3f363a3f56900a21393ffb402a6bc9ec34fa",(b),"高对比边界局部导数；小尺寸","初始局部导数修复后可提供严格边界推进。",发现缺口后未修,"SA01_REPORT/MODEL/HANDOFF；完整SA01未找到覆盖全包的独立审查；strict small-size obstruction仍在",有限证书无法传到无限体积,"QWE01继承边界响应接口但未完成符号和全尺寸。",是；已有局部数据但缺完整核验与率桥；不建议当成现成定理
G02,SA03第六阶展开与Gamma,EULER/rl01,"PR2 2497558036180e5151a38b638c16f5168851cc35；PR20 e451887a43886a276afbc4e888a6f9fcf4401399",(b),"高对比；目标c=.95","统一第六阶展开与Gamma(.95)符号可闭合目标。",发现缺口后未修,"PR2冻结结果与research/INDEPENDENT_REVIEW_20260918/README.md：Gamma(.95) sign及general uniform sixth expansion未付",常数在 c↑1 退化,"尾恢复被分离给W02/S68。",是；局部展开未被反例否定，但缺统一余项；不建议绕过余项直接宣称
G03,S42 dyadic有限弦,EULER/rl01,"PR10 8c1737701e2893a31670d4ece3932489e201c921；PR16 6eb2338ee523c06596ec16c5da5fb4d242322a06",(b)(e),"n=6,12第一doubling；其余尺度","dyadic弦与准自由MI尾界可逐尺度支付真实率曲率。",发现缺口后未修,"research/INDEPENDENT_REVIEW_20260918/S42.md与S42_CYCLE03.md：只付第一doubling；其余11/12带符号尺度无下界；一项remainder为O非o",有限证书无法传到无限体积,"S80继承value telescope但仍缺弦长平方。",是；首尺度和尾工具有效，但不建议把有限doubling当全尺度
G04,S43/S45修正律clock桥,EULER/rl01,"PR9/13/15/18/26；最终审查ed34cb800a749f040f1909bb33accecfc0e67d31",(c),"clock修正律；c=.95","O(n)比较成本和负线性W足以给真实输出率符号。",发现缺口后未修,"S43/S45审查：clock 499.63115849只是limsup；W+C/n∈[-105.3312,32.08247]不推出>=-4",对象替换错误（计数熵、谱熵、循环模型等）,"S61闭合一侧W_rel；真实二阶桥仍缺。",是；修正律内部结果有效，但不能跳过对象传回；建议只作为辅助账项
G05,S64 KL长度工具到全付款,EULER/rl01,"PR46；10b4ba30ae899080581e0c769cbf6a26b8d02c86",(b),"固定窗口到全窗口","KL长度与已修窗口工具应推出actual Fisher>=20.75。",发现缺口后未修,"S64_CYCLE11_REVIEW.md：工具限定成立，但两项raw单调性失败且全付款缺失",量词顺序错误,"S67尝试Green预算。",是；有效工具可继承，但需新的平均次序
G06,S68尾工具来源恢复后接口,EULER/rl01,"PR48；9444d8b61c9a86e448e997b1b0403db490a1ced2",(b),"联合n/噪声极限；外部率预算","来源恢复后的局部尾界可统一传到完整exterior/rate。",发现缺口后未修,"research/INDEPENDENT_REVIEW_20260918/S68_CYCLE15.md：joint n/noise uniformity及full exterior/rate budget仍缺",有限证书无法传到无限体积,"W02的physical far-tail以martingale/Fatou给出另一条已闭子目标。",是；数学工具已核验，缺的是联合极限接口
G07,S72偶奇条件工具,EULER/rl01,"PR61；eacef81b976e147c4a7d2e95125aacf0a0de0397",(b),"小窗口m=2到大窗口","条件G''与偶奇分解应直接给大窗付款。",发现缺口后未修,"research/INDEPENDENT_REVIEW_20260918/S72_CYCLE24/S72_CYCLE24_REVIEW.md：m2条件G''可正而总H''仍负",量词顺序错误,"S73尝试连续体混合预算。",是；分解工具有效，但条件项符号不能单独收费
G08,S73连续体混合预算,EULER/rl01,"PR62；110d43d545813342468f29bcd49d4ed31b2788be",(b),"大窗口；normalization 2m","连续体极限与混合预算可完成big-window付款。",发现缺口后未修,"research/INDEPENDENT_REVIEW_20260920/S73_CYCLE25_REPLAY.md：工具限定成立；big-window continuum payment与mixed budget未闭",有限证书无法传到无限体积,"S74另开极端密度局部区。",是；接口可用但缺承重符号
G09,S79 same-unitary exterior,EULER/rl01,"PR69；52a413d9f3036b3b1047f7f00976d352e8297fbf",(b),"same-U层；高秩全尺度exterior","可见正文与部分尾项足以证明actual same-U exterior paid shell。",发现缺口后未修,"research/INDEPENDENT_REVIEW_20260920/S79_CYCLE31/S79_CYCLE31_REPLAY.md：exact K''+J''>=Hhat''与paid shell未完成；m=36,c=.8 hybrid H''>10.4745不是实际对象",对象替换错误（计数熵、谱熵、循环模型等）,"继承S78的非交换reveal，但仍须锁定实际same-U对象。",是；hybrid反例不杀真实路线，但来源尾部和付款均不足
G10,S80全尺度value telescope,EULER/rl01,"PR71；b65c0e14171a6ecc5282821c8683c1a514e90442",(b),"L→∞；缩弦","R_L^q=O(log L/L)的值误差可直接除以弦面积得到曲率。",发现缺口后未修,"research/INDEPENDENT_REVIEW_20260918/S80_CYCLE34/S80_CYCLE34_REVIEW.md：误差缺弦长平方",值界缺弦长平方,"quantum telescope本身保留；需真正二阶/有限弦估计。",是；value工具有效，但不建议再做无二阶余量的同类极限
G11,QWE01边界主路线,EULER/dpp-stationary-entropy + EULER/rl01,"stationary PR122 cf9dd59c9f27170ddb3333cd63410620ae5cd29a；rl01 PR36 6974b50d89c5d349412115c11af3a1e40ce485ba",(b),"高对比边界；全尺寸目标","边界响应与SA01工具可闭合sign、endpoint及all-size payment。",发现缺口后未修,"research/INDEPENDENT_REVIEW_20260918/QWE01_CONTINUATION.md：continuation-not-completed",有限证书无法传到无限体积,"QWE02只闭合有隙大小界。",是；不是反例，缺最终符号和端点
G12,QWE06 folded-count运输,EULER/dpp-stationary-entropy + EULER/rl01,"stationary PR127 3e09ac84b483addf016b9943dee71c433f52af64；rl01 PR41 da1bbbdc37810e3c8ccc98d2cfcab21c69cb3363",(c)(b),"fixed window；typical count；大n","folded-count与rare-count response足以传到典型计数和真实输出。",发现缺口后未修,"QWE06_CYCLE09.md：reflection ordering、O(n^3)尾步骤、differentiated CLT有缺口；fixed-window目标incomplete",量词顺序错误,"QWE05/S61闭合删除KL子目标，未闭典型signed full budget。",是；部分界可保留，需重做极限次序
G13,W02真实signed near-field,EULER/dpp-stationary-entropy,"PR13；ba48e51efcfc8cccb6055e579bf2a5df970b67f7",(b),"固定0<c<1、0<a<1-c、固定rho；重点c≈.95","远尾后剩余有限半径near-field aggregate应由现有局部付款闭合。",发现缺口后未修,"web_tasks/W02/aggregate/AGGREGATE.md及current-head审查：""The true signed near-field total remains unpaid""",逐项收费过强,"远尾W02-FAR另由R07登记；下一步必须保留pair/state cancellation。",是；未出现原熵命题反例，但不建议复活逐pair好号方案
R01,S41 Z0修复,EULER/rl01,"PR24；43345bd6d3e0c41e197bf2d150c99caaef647aa5",(b),"冻结半填充V14局部泛函；N尺度","Z0修复在受限接口内恢复O_c(sqrt(log N/N))定位。",修复后被后续路线继承,"research/INDEPENDENT_REVIEW_20260918/S41_CYCLE05.md：支付244 occurrences、147 terms、33 families",不适用,"替代D06旧方向引理；Gamma高c符号仍未得。",不适用
R02,SA02点态预算修复后的限定区,EULER/rl01,"PR3/PR11",(b),"rho=1/2；c<=.937限定区","避开gamma<2在真实posterior上的失败，以修订边界证书保留中点区。",修复后被后续路线继承,"PR3冻结审查与SA02_C37_BOUNDARY.md；同时明确gamma<2 strong pointwise budget fails",逐项收费过强,"S51继承限定强凹区。",不适用
R03,SA04层熵差与heat修复,EULER/rl01,"PR4/13/15/26；ed34cb800a749f040f1909bb33accecfc0e67d31",(c),"clock层；O(n)预算","把原<30改为<600并删除错误的delete+positive-heat断言后，留下可用O(n)层工具。",修复后被后续路线继承,"PR4冻结审查；S45.md；S43_CYCLE03.md；最终README.md",其他（原常数和符号断言错误）,"S43/S45与S61继承修订版。",不适用
R04,SA05到一侧W_rel子目标,EULER/rl01,"PR5/7/42/44",(c),"指定修正律；n→∞","把错误的绝对值sublinear flux改成一侧W_rel>=-o(n)。",修复后被后续路线继承,"QWE05_CYCLE09.md；S61_CYCLE10_REVIEW.md",对象替换错误（计数熵、谱熵、循环模型等）,"删除KL子缺口闭合；完整真实熵凹性未闭。",不适用
R05,S47漏Fisher项修复,EULER/dpp-stationary-entropy + EULER/rl01,"QWE02源；rl01 PR10/16",(e),"relative-entropy二阶响应","补回漏掉的Fisher/分布移动项后使用expanded formula (5)。",修复后被后续路线继承,"research_tasks/external_20260918/QWE02/sources/S47_FORMULA_CORRECTION.md；S42_CYCLE03.md：旧formula (4)在P=Q即错",其他（微分公式漏项）,"QWE02、QWE08和PR136完整二阶响应继承修订公式。",不适用
R06,QWE05删除KL与S61继承,EULER/dpp-stationary-entropy + EULER/rl01,"stationary PR126 b57787138c6d20c31a843240b244e64c7958b1fa；rl01 PR42/44",(c),"一侧删除；指定半密度模型","designated deletion-KL gap及一侧W_rel子目标闭合。",修复后被后续路线继承,"QWE05_CYCLE09.md；S61_CYCLE10_REVIEW.md",不适用,"QWE06与真实输出bridge尚缺，不能升级为全目标。",不适用
R07,W02真实physical远尾,EULER/dpp-stationary-entropy,"PR13；ba48e51efcfc8cccb6055e579bf2a5df970b67f7",(b),"固定0<c<1、0<a<1-c、固定rho；距离D","2 sum_{i<j,j-i>D} E|g_ij(full)| <= n A_h(1+D)^(-beta)。",修复后被后续路线继承,"web_tasks/W02/aggregate/AGGREGATE.md；review 5205135521对应current head；full-posterior Schur行能量+martingale+Fatou",常数在 c↑1 退化,"把未决问题缩到真实signed near-field；不直接微分无限MI。",不适用
N01,QWE03操作路线,EULER/dpp-stationary-entropy,"PR124；fd7869e49e7686fbf780f23bb5dcb95cccdb306f；closed-unmerged",(b),"高对比真实sine","任务启动但应产生可登记定理、反例或证书。",无结果中止,"PR124关闭且无研究交付；r1report §6与rl01来源状态明确为administrative closure",其他（未收到数学交付）,"无后继数学结果。",可重新提出新任务，但没有可继承数学内容；不建议按原壳复活
N02,QWE04操作路线,EULER/dpp-stationary-entropy,"PR125；60dbd8fe530a423c2b1aa24ce927fe48172a0f25；closed-unmerged",(b),"高对比真实sine","任务启动但应产生可登记定理、反例或证书。",无结果中止,"PR125关闭且无研究交付；r1report §6与rl01来源状态",其他（未收到数学交付）,"无后继数学结果。",可重新提出新任务，但没有可继承数学内容；不建议按原壳复活
N03,S59 Gamma主符号,EULER/rl01,"PR39 20f7ddcce56a57b68328c9d1f00cb8a368b9b5c4；PR45 aff202e94902289d3993f59139fd2d6d71eb2637",(b),"目标Gamma高c符号","应给出Gamma主符号的证明或反例。",无结果中止,"research/CYCLE11_20260918/S59/S59_CYCLE09_RESULT.md：main Gamma sign INCOMPLETE",其他（未收到主结果）,"若干工具性约化留存，但没有主定理/反例。",可重开不同任务；现文件没有可登记主结果，不建议冒充完成
N04,S60统一Fisher凸性,EULER/rl01,"PR39/PR45；aff202e94902289d3993f59139fd2d6d71eb2637",(e),"统一Fisher convexity目标","应给出通用凸性证明或反例。",无结果中止,"research/CYCLE11_20260918/S60/S60_CYCLE09_RESULT.md：main universal Fisher convexity INCOMPLETE",其他（未收到主结果）,"保留精确约化和小子情形。",可换更窄命题重开；不建议按通用主张复活
N05,S62主benchmark符号,EULER/rl01,"CYCLE12；SOURCE_STATUS.md",(b),"高对比冻结benchmark","应完成最终benchmark sign。",无结果中止,"research/CYCLE12_20260919/SOURCE_STATUS.md：preliminary/continuation active后main incomplete；initial reply只有local tools",其他（未收到主结果）,"局部工具未升级为路线结论。",可用局部工具另立窄任务；原主目标无结果
N06,S65待发送路线,EULER/rl01,"CYCLE12；SOURCE_STATUS.md",(b),"未实际进入数学执行","计划启动高对比子路线。",无结果中止,"research/CYCLE12_20260919/SOURCE_STATUS.md：queued zero sends then held",其他（未收到数学交付）,"无数学后继。",不建议称为可复活方法；它只有排程壳
N07,S66未使用路线,EULER/rl01,"CYCLE12；SOURCE_STATUS.md",(b),"未实际进入数学执行","计划启动高对比子路线。",无结果中止,"research/CYCLE12_20260919/SOURCE_STATUS.md：unused",其他（未收到数学交付）,"无数学后继。",不建议称为可复活方法；它只有排程壳
N08,W01高对比机制任务壳,EULER/dpp-stationary-entropy,"PR12；e641d36d858137bd97731452f10d5cd589393603；closed-unmerged",(a)(b),"3x3 Hermitian正压缩；高对比","寻找超过37/40的可核查引理、反例或精确候选不等式。",无结果中止,"PR12仅web_tasks/W01.md，无结果文件",其他（未收到数学交付）,"后续W02及多条S/QWE路线独立推进。",可重新发起研究，但原分支无数学资产；不建议按旧路线名复活
N09,S3 prompt-only分支,EULER/dpp-stationary-entropy,"PR97；68835780b5734a56ca6fa32ea1b9e4ded05a537f；closed-unmerged",(b),"local-to-global structural route","任务壳预期收到证明结果。",无结果中止,"PR97只有research/s-line-proof-prompts-20260916/S3.md",其他（未收到数学交付）,"后续其他分支出现S3 scoped bridge，但本PR本身无结果。",原壳无需复活；如引用后继，应引用其实际结果分支
N10,S1 prompt-only分支,EULER/dpp-stationary-entropy,"PR98；886cf857ec4c989d412927cc10fdf982a63daf90；closed-unmerged",(b),"posterior global-compensation route","任务壳预期收到证明结果。",无结果中止,"PR98只有research/s-line-proof-prompts-20260916/S1.md",其他（未收到数学交付）,"后续结果必须按实际交付PR另记。",原壳无需复活
N11,S2 prompt-only分支,EULER/dpp-stationary-entropy,"PR99；8e2a474edc04f5b13036b5fe6ad5e9e43c80b459；closed-unmerged",(b),"projection-minor posterior route","任务壳预期收到证明结果。",无结果中止,"PR99只有research/s-line-proof-prompts-20260916/S2.md",其他（未收到数学交付）,"后续结果必须按实际交付PR另记。",原壳无需复活
N12,S7早期近远场任务壳,EULER/dpp-stationary-entropy,"PR96；466f3ef7ceb29aefaed6fc8b5a7799f08c8f1161；closed-unmerged",(b),"signed Fourier posterior averaging","早期分支应形成近远场数学交付。",无结果中止,"PR96仅prompt、workflow及README，无结果证书",其他（未收到数学交付）,"S7 round3 PR111 7578cac7e0fa9a51472cfedb35065f4fc318ea34另有scoped lemma，应引用后者而非本壳。",原壳无需复活；后继已换路线并有独立交付
