n,m,xi,b,b_direct,b_discrepancy,source_peak,source_bound,source_ratio,y_over_m,H_ratio,lower_clock_ratio,upper_clock_ratio,moment_error
40,4,0.000625,0.9967615324002633,0.9967615324002814,1.8096635301390052e-14,0.2472205792919394,6044.599829278683,4.089941208257634e-05,0.0007341291686413209,1.175524647706861,2.2918259638068808,0.001431496542040525,1.5959455978986625e-16
40,4,0.0006290201628139971,0.9967407340134248,0.9967407340134251,3.3306690738754696e-16,0.24721323508701376,5988.708068492165,4.1279894137377287e-05,0.0007388437500543659,1.1755030001246338,2.291811250941579,0.0014406892636110611,1.942890293094024e-16
40,4,0.0006330661843624754,0.9967198022617113,0.9967198022617332,2.1871393585115584e-14,0.24720584394501152,5933.338594004642,4.166386934243081e-05,0.0007435885598854696,1.1754812139301392,2.2917964437978635,0.0014499409214439143,1.942890293094024e-16
40,4,0.000637138230975552,0.9966987362926347,0.9966987362926218,1.2878587085651816e-14,0.2471984055679264,5878.486488153651,4.2051369185942946e-05,0.0007483637913230696,1.1754592882398986,2.291781541773937,0.0014592518921391641,1.6653345369377348e-16
40,4,0.0006412364700532211,0.9966775352482924,0.9966775352482848,7.549516567451064e-15,0.24719091965587955,5824.146879824688,4.244242543267045e-05,0.0007531696387821894,1.175437222164857,2.291766544264166,0.0014686225546872147,1.8041124150158794e-16
40,4,0.0006453610700722395,0.9966561982653335,0.9966561982653275,5.995204332975845e-15,0.24718338590714375,5770.314944008969,4.283707012626442e-05,0.0007580062979121233,1.175415014810345,2.2917514506591004,0.0014780532904837933,2.0816681711721685e-16
40,4,0.0006495122005930483,0.9966347244749221,0.9966347244749301,7.993605777301127e-15,0.24717580401793668,5716.985901365488,4.323533559159195e-05,0.000762873965604164,1.1753926652760462,2.2917362603454206,0.00148754448334498,2.3592239273284576e-16
40,4,0.0006536900322667465,0.9966131130027083,0.9966131130027023,5.995204332975845e-15,0.2471681736827968,5664.1550177871795,4.363725443717785e-05,0.0007677728399993828,1.1753701726559609,2.291720972705936,0.00149709651952237,2.42861286636753e-16
40,4,0.0006578947368421052,0.996591362968789,0.996591362968811,2.19824158875781e-14,0.24716049459428432,5611.817603971242,4.404285955754861e-05,0.0007727031204964539,1.1753475360383718,2.291705587119527,0.0015067097877182955,1.942890293094024e-16
40,8,0.000625,0.994810419943424,0.9948104199434287,4.6629367034256575e-15,1.2421437924143552,6672.9525651504255,0.00018614605458181527,0.0009592565170144419,1.3702396039222842,2.9937783209543394,0.0018699427363862205,-5.551115123125783e-17
40,8,0.0006290201628139971,0.9947771453934234,0.9947771453934227,7.771561172376096e-16,1.242075955130857,6613.042398818316,0.0001878221671998963,0.0009654119734747938,1.3702066422334942,2.9937384398731988,0.0018819380638842105,-2.0816681711721685e-16
40,8,0.0006330661843624754,0.9947436581780261,0.9947436581780504,2.4313884239290928e-14,1.2420076862145724,6553.680201041859,0.00018951301377463103,0.0009716068338459855,1.3701734699041261,2.9936983040460037,0.0018940101287094912,-1.6653345369377348e-16
40,8,0.000637138230975552,0.9947099569468311,0.9947099569468598,2.8754776337791554e-14,1.2419389829494332,6494.860890019544,0.00019121871953529953,0.000977841349147735,1.3701400855969783,2.993657911857017,0.0019061594190663232,-2.220446049250313e-16
40,8,0.0006412364700532211,0.9946760403409759,0.9946760403409769,9.992007221626409e-16,1.241869842602886,6436.579431546855,0.00019293941072431336,0.0009841157719831396,1.3701064879664728,2.9936172616803844,0.0019183864262301655,-2.7755575615628914e-16
40,8,0.0006453610700722395,0.9946419069930843,0.994641906993083,1.3322676295501878e-15,1.2418002624255071,6378.83083856733,0.00019467521460475232,0.0009904303565484653,1.3700726756586064,2.9935763518800806,0.0019306916445665622,-9.71445146547012e-17
40,8,0.0006495122005930483,0.994607555527215,0.9946075555272351,2.0095036745715333e-14,1.2417302396509342,6321.6101707279595,0.00019642625946799625,0.0009967853586429754,1.3700386473108994,2.9935351808098662,0.0019430755715501295,-1.8041124150158794e-16
40,8,0.0006536900322667465,0.9945729845588084,0.9945729845588147,6.328271240363392e-15,1.2416597714958084,6264.912533938723,0.00019819267464140993,0.0010031810356788498,1.3700044015523445,2.9934937468132334,0.001955538707783657,-2.0816681711721685e-16
40,8,0.0006578947368421052,0.9945381926946355,0.9945381926946695,3.397282455352979e-14,1.241588855159763,6208.733079936344,0.00019997459049608433,0.0010096176466911336,1.3699699370033525,2.9934520482232925,0.001968081557017287,-1.5265566588595902e-16
40,14,0.000625,0.985790956208179,0.9857909562081639,1.509903313490213e-14,7.943028878834784,7615.481668958041,0.0010430107016358374,0.0017745088948482768,1.4495013870668836,5.527158273509544,0.0034523162233039,3.608224830031759e-16
40,14,0.0006290201628139971,0.9857006213159796,0.9857006213159814,1.7763568394002505e-15,7.941762803534543,7549.543894307542,0.0010519526629314308,0.001785851070698836,1.4494370144378268,5.526876715738953,0.003474331467041937,4.996003610813204e-16
40,14,0.0006330661843624754,0.9856097188978756,0.9856097188978561,1.9539925233402755e-14,7.940488829984808,7484.192611597685,0.001060967995088747,0.0017972652819616222,1.4493722342053097,5.5265933877406335,0.0034964858815241555,3.885780586188048e-16
40,14,0.000637138230975552,0.9855182454748374,0.9855182454748332,4.107825191113079e-15,7.939206910487724,7419.422492818382,0.0010700572609488766,0.0018087519802597947,1.4493070438297406,5.526308278645684,0.0035187803310065694,4.163336342344337e-16
40,14,0.0006412364700532211,0.9854261975476087,0.9854261975475938,1.4988010832439613e-14,7.9379169970777905,7355.2282591301055,0.0010792210271957758,0.0018203116199730102,1.4492414407562273,5.526021377521886,0.0035412156849152798,3.3306690738754696e-16
40,14,0.0006453610700722395,0.9853335715966027,0.9853335715965841,1.865174681370263e-14,7.936619041519941,7291.604680404872,0.0010884598643764178,0.001831944658253319,1.449175422414499,5.525732673373228,0.0035637928178748226,6.661338147750939e-16
40,14,0.0006495122005930483,0.9852403640817989,0.9852403640817782,2.0761170560490427e-14,7.935312995308811,7228.546574771666,0.0010977743469211126,0.001843651555041077,1.4491089862188187,5.525442155139665,0.0035865126097367546,3.885780586188048e-16
40,14,0.0006536900322667465,0.98514657144264,0.9851465714426224,1.7541523789077473e-14,7.933998809667709,7166.048808166039,0.0011071650531638238,0.0018554327730810184,1.4490421295678926,5.525149811696751,0.00360937594560831,4.163336342344337e-16
40,14,0.0006578947368421052,0.9850521900979251,0.9850521900979139,1.1213252548714081e-14,7.932676435546827,7104.106293883999,0.0011166325653623951,0.0018672887779383328,1.4489748498447914,5.524855631855327,0.003632383715881215,7.216449660063518e-16
40,19,0.000625,0.9061770546486513,0.9061770546486576,6.328271240363392e-15,93.19118594032425,8400.92258879772,0.011092970439293274,0.005967751719535876,1.4546095219845652,18.083989760698362,0.01129543395421509,1.3877787807814457e-16
40,19,0.0006290201628139971,0.9056279148678733,0.9056279148678756,2.3314683517128287e-15,93.10681738061032,8329.96180721523,0.0111773402490229,0.00600442347572662,1.4543982167337195,18.075642617345068,0.011362796234192764,1.6653345369377348e-16
40,19,0.0006330661843624754,0.9050758897910156,0.9050758897910169,1.3322676295501878e-15,93.02200947994083,8259.619620394205,0.011262263125320677,0.006041310356746068,1.4541856825860375,18.067250813880214,0.011430529253123458,2.7755575615628914e-17
40,19,0.000637138230975552,0.904520968222748,0.9045209682227489,8.881784197001252e-16,92.9367605765838,8189.890495150749,0.011347741539598341,0.006078413503242959,1.4539719131612676,18.058814165428466,0.011498634691111601,2.7755575615628914e-17
40,19,0.0006412364700532211,0.9039631389734327,0.9039631389734355,2.7755575615628914e-15,92.8510690102027,8120.768948782814,0.011433777958196894,0.006115734060504591,1.4537569020550136,18.050332487000247,0.011567114231752346,2.7755575615628914e-17
40,19,0.0006453610700722395,0.9034023908598675,0.903402390859871,3.4416913763379853e-15,92.76493312197245,8052.249548602822,0.011520374842092227,0.006153273178459399,1.4535406428387523,18.04180559350098,0.011635969562089189,1.3877787807814457e-16
40,19,0.0006495122005930483,0.9028387127060438,0.9028387127060467,2.886579864025407e-15,92.67835125469654,7984.326911474754,0.011607534646596564,0.006191032011679193,1.4533231290598458,18.033233299739976,0.011705202372570557,8.326672684688674e-17
40,19,0.0006536900322667465,0.9022720933439093,0.9022720933439092,1.1102230246251565e-16,92.59132175292673,7916.995703355468,0.011695259821056068,0.006229011719381305,1.4531043542415654,18.02461542043991,0.011774814357006096,8.326672684688674e-17
40,19,0.0006578947368421052,0.9017025216141416,0.901702521614147,5.440092820663267e-15,92.50384296308192,7850.250638840377,0.011783552808544009,0.006267213465430427,1.4528843118831078,18.015951770246073,0.011844807212522073,2.220446049250313e-16
40,20,0.000625,0.7713015360939971,0.7713015360939991,1.9984014443252818e-15,244.86926388669846,8558.010772765656,0.028612871657739816,0.01103328666675395,1.4293803237680074,31.531459578762156,0.019694852953630323,-5.551115123125783e-17
40,20,0.0006290201628139971,0.7701410614212197,0.7701410614212165,3.219646771412954e-15,244.37763626385993,8486.045389796769,0.028797587691162762,0.011096171875351465,1.4290184364476737,31.493016482842474,0.01979728946130124,-2.220446049250313e-16
40,20,0.0006330661843624754,0.7689764478112335,0.7689764478112304,3.1086244689504383e-15,243.88423471415643,8414.70502215351,0.028983099713190068,0.01115937274941903,1.4286547603471835,31.454426721932556,0.019900135803121752,-2.7755575615628914e-16
40,20,0.000637138230975552,0.7678077003387046,0.7678077003387038,7.771561172376096e-16,243.3890605001902,8343.984095617223,0.02916940609079459,0.011222890427327634,1.428289289368796,31.415690280741547,0.020003392404297528,-2.7755575615628914e-16
40,20,0.0006412364700532211,0.7666348243470635,0.7666348243470622,1.3322676295501878e-15,242.89211497930043,8273.877086713355,0.029356505110445727,0.011286726047174853,1.4279220174215113,31.37680715040234,0.020107059678693147,-3.3306690738754696e-16
40,20,0.0006453610700722395,0.7654578254508673,0.7654578254508672,1.1102230246251565e-16,242.3933996042923,8204.378522242414,0.02954439497728605,0.011350880746739877,1.4275529384213699,31.337777328525494,0.02021113802875716,-1.6653345369377348e-16
40,20,0.0006495122005930483,0.7642767095381661,0.7642767095381686,2.55351295663786e-15,241.89291592417905,8135.482978815373,0.029733073814309872,0.011415355663438164,1.4271820462917608,31.298600819254613,0.020315627845449127,-1.6653345369377348e-16
40,20,0.0006536900322667465,0.763091482772857,0.7630914827728585,1.5543122344752192e-15,241.39066558490615,8067.185082393355,0.029922539661540886,0.01148015193427609,1.4268093349637243,31.2592776333201,0.02042052950816711,-2.220446049250313e-16
40,20,0.0006578947368421052,0.7619021515970354,0.7619021515970356,1.1102230246251565e-16,240.88665033008124,7999.479507831652,0.030112790475211336,0.011545270695805266,1.4264347983762642,31.219807788093686,0.02052584338467698,-1.1102230246251565e-16
64,4,0.000244140625,0.9988545240161681,0.9988545240161102,5.795364188543317e-14,0.14228435878991139,14737.552590805824,9.654544600483866e-06,0.0002692444616905756,1.1664325397485824,2.1716985501932733,0.0005300704296297958,3.608224830031759e-16
64,4,0.00027634689994396273,0.9987035031873392,0.99870350318729,4.929390229335695e-14,0.14225216405948635,12290.097431745757,1.1574535096202246e-05,0.00030473966221373935,1.1662694311494695,2.171604265871319,0.0005999503123696803,4.85722573273506e-16
64,4,0.00031280172690898334,0.9985325845528763,0.9985325845528266,4.973799150320701e-14,0.1422157342956691,10251.643404303322,1.3872481580462635e-05,0.00034491090185797093,1.1660848481654371,2.171497563047833,0.000679035784134101,4.926614671774132e-16
64,4,0.00035406556171638964,0.9983391501069586,0.9983391501069576,9.992007221626409e-16,0.1421745141923241,8553.533052144958,1.6621729678903995e-05,0.00039037323772584493,1.1658759698672785,2.1713768089033287,0.0007685376368322135,5.412337245047638e-16
64,4,0.0004007727937832634,0.9981202384070543,0.9981202384070862,3.186340080674199e-14,0.14212787613348302,7138.6708343245555,1.990957132385147e-05,0.00044182236048961133,1.1656396065375105,2.1712401567346338,0.0008698253812408062,6.245004513516506e-16
64,4,0.0004536414992133564,0.9978724998075694,0.9978724998075883,1.887379141862766e-14,0.14207511091786176,5959.571770746582,2.3839818762693312e-05,0.0005000450903380062,1.1653721519566105,2.171085518163974,0.0009844479029577167,7.563394355258879e-16
64,4,0.0005134844804855499,0.9975921459387204,0.9975921459387251,4.773959005888173e-15,0.14201541733402478,4976.739934974661,2.8535832530848904e-05,0.0005659312180627302,1.1650695296564793,2.1709105318005575,0.0011141567643948736,8.049116928532385e-16
64,4,0.0005812217624638172,0.9972748927134685,0.9972748927134631,5.329070518200751e-15,0.14194789045492323,4157.320978981916,3.41440776818933e-05,0.0006404868577238224,1.1647271324181214,2.1707125279197204,0.0012609324798814833,9.71445146547012e-16
64,4,0.0006578947368421052,0.9969158960623591,0.9969158960623901,3.097522238704187e-14,0.1418715085077499,3473.9823262679115,4.0838293112493184e-05,0.0007248494962331047,1.164339754215267,2.1704884886764773,0.001427014127992424,1.1102230246251565e-15
64,8,0.000244140625,0.9984943110817879,0.9984943110818456,5.773159728050814e-14,0.5707584053737788,15733.72123255758,3.627612291698139e-05,0.00031227938956069116,1.3606072474684856,2.5186893657703595,0.000614764306997891,0.0
64,8,0.00027634689994396273,0.9982958675409367,0.9982958675410103,7.360778653264788e-14,0.5705544123061684,13170.141334106464,4.33218139298638e-05,0.00035344140704710096,1.3603865919651341,2.51851665513065,0.0006957919901431116,1.6653345369377348e-16
64,8,0.00031280172690898334,0.9980712971384021,0.998071297138523,1.2090328738167955e-13,0.5703236169312388,11029.09608555334,5.171082131366028e-05,0.00040002414353956453,1.3601368982667075,2.51832121276763,0.0007874888963785311,1.6653345369377348e-16
64,8,0.00035406556171638964,0.9978171676672711,0.9978171676673675,9.636735853746359e-14,0.5700625138123063,9240.35079506843,6.169273509795194e-05,0.00045274008712251177,1.359854355391336,2.518100054501546,0.0008912569468636362,4.163336342344337e-17
64,8,0.0004007727937832634,0.9975295981816552,0.9975295981817247,6.94999613415348e-14,0.5697671435534414,7745.416501875083,7.356184698595703e-05,0.0005123949867798707,1.3595346551324003,2.5178498065588726,0.001008681449218808,2.636779683484747e-16
64,8,0.0004536414992133564,0.9972042009269074,0.9972042009269693,6.183942247162122e-14,0.569433035278988,6495.577199302711,8.7664732141143e-05,0.000579899951094763,1.3591729280075462,2.517566655317045,0.001141554855231618,3.191891195797325e-16
64,8,0.0005134844804855499,0.9968360159235136,0.9968360159236056,9.203748874142548e-14,0.5690551421820628,5450.249401816022,0.00010440900961201036,0.0006562850859803736,1.3587636711883007,2.517246290737225,0.0012919035314397029,4.163336342344337e-16
64,8,0.0005812217624638172,0.9964194373226759,0.9964194373227429,6.694644838489694e-14,0.5686277694106134,4575.617949652294,0.00012427343708926224,0.0007427148586070467,1.358300667471794,2.5168838427406253,0.0014620179063701171,4.163336342344337e-16
64,8,0.0006578947368421052,0.9959481305591676,0.9959481305592206,5.295763827461997e-14,0.5681444935093422,3843.5014304367846,0.00014781950879741884,0.0008405053949963388,1.3577768942651343,2.5164738097098605,0.0016544863969164103,2.7755575615628914e-16
64,24,0.000244140625,0.9916990079222352,0.9916990079222181,1.709743457922741e-14,14.881633781996356,19718.39579956461,0.0007547081381906813,0.0008648862114007798,1.4869457135780235,6.963919240966785,0.0016997606153201818,-2.1649348980190553e-15
64,24,0.00027634689994396273,0.9906135686943828,0.9906135686944051,2.2315482794965646e-14,14.845896357516986,16690.316943549296,0.0008894915781245744,0.0009785088703333801,1.4862792725701752,6.959198611264573,0.0019226216517840597,-2.581268532253489e-15
64,24,0.00031280172690898334,0.9893876143955181,0.9893876143955325,1.432187701766452e-14,14.805555139185529,14138.906810553404,0.0010471499202565316,0.0011069888529001881,1.4855258472757422,6.953866122527483,0.00217450114410743,-2.4424906541753444e-15
64,24,0.00035406556171638964,0.9880033480421146,0.9880033480421098,4.884981308350689e-15,14.760033367803466,11987.621766762319,0.0012312728625396008,0.0012522495233487265,1.4846742217823834,6.9478440707827795,0.002459121623360688,-3.164135620181696e-15
64,24,0.0004007727937832634,0.9864408273889217,0.9864408273889627,4.0967229608668276e-14,14.708686555466572,10172.399172077196,0.0014459407566153413,0.0014164578610695415,1.4837117720917317,6.941045327451657,0.002780667711691669,-3.9968028886505635e-15
64,24,0.0004536414992133564,0.9846777364670711,0.9846777364670753,4.218847493575595e-15,14.650795795933126,8639.598913527225,0.0016957726790990295,0.0016020538319541852,1.4826242998987473,6.933372319178183,0.0031438392375313776,-3.2751579226442118e-15
64,24,0.0005134844804855499,0.9826891412732391,0.982689141273271,3.186340080674199e-14,14.585560778190235,7344.287269181468,0.001985973620530208,0.0018117828905458192,1.481395849684431,6.924715931823141,0.00355390928549906,-3.608224830031759e-15
64,24,0.0005812217624638172,0.9804472310875693,0.9804472310875969,2.7644553313166398e-14,14.512092609198097,6248.805832333805,0.002322378546970809,0.0020487318315704638,1.4800085082852534,6.914954343421274,0.004016787306642332,-5.384581669432009e-15
64,24,0.0006578947368421052,0.9779210479072997,0.9779210479072891,1.0658141036401503e-14,14.429406598368352,5321.577847112278,0.0027114902784328115,0.0023163681899040214,1.4784421863294133,6.9039517949684654,0.004539087307671575,-4.3298697960381105e-15
64,31,0.000244140625,0.9128386454801487,0.9128386454801416,7.105427357601002e-15,258.6585704012768,21461.690922630183,0.012052105835171424,0.0037386881585462833,1.484546025158158,29.170244988055003,0.007119903585075666,-6.106226635438361e-16
64,31,0.00027634689994396273,0.90252896800119,0.9025289680011985,8.548717289613705e-15,253.81820300246446,18230.393772680534,0.013922804200906951,0.004208553998593746,1.4817733399691269,28.89188701477608,0.007981977615295193,-2.7755575615628914e-16
64,31,0.00031280172690898334,0.8911610690452904,0.8911610690452989,8.548717289613705e-15,248.48258450738584,15499.449002740936,0.01603170438274573,0.004734336254187529,1.4786728436093672,28.584135144750064,0.008938370897625052,-4.440892098500626e-16
64,31,0.00035406556171638964,0.878667041609439,0.8786670416094426,3.6637359812630166e-15,242.61993537652248,13189.552816878395,0.01839485680409474,0.0053219075755679066,1.4752106941808694,28.244841785494696,0.009996986183843079,-4.996003610813204e-16
64,31,0.0004007727937832634,0.8649850573761405,0.8649850573761442,3.6637359812630166e-15,236.2011575693281,11234.204090290621,0.021025179502789124,0.005977572049037738,1.4713507297276416,27.87193648882568,0.011165838890329335,-7.771561172376096e-16
64,31,0.0004536414992133564,0.8500625409963998,0.8500625409964027,2.886579864025407e-15,229.2012236919811,9577.60841350045,0.023930945367206975,0.0067080550018537854,1.4670545804725141,27.46349304487854,0.01245293099222937,-3.885780586188048e-16
64,31,0.0005134844804855499,0.8338598322706896,0.8338598322706927,3.1086244689504383e-15,221.60076649382768,8172.92883615385,0.027113996822479634,0.007520482458569193,1.4622818515551872,27.017807699150477,0.013866104920575275,-7.771561172376096e-16
64,31,0.0005812217624638172,0.8163542669509405,0.8163542669509385,1.9984014443252818e-15,213.3878367857745,6980.825531006966,0.03056770805085482,0.008422349141936026,1.4569903837325064,26.533487339061725,0.015412881973095786,-3.3306690738754696e-16
64,31,0.0006578947368421052,0.7975445415967432,0.7975445415967479,4.773959005888173e-15,204.55977277734647,5968.236279407807,0.034274744363445964,0.00942147437225147,1.4511365966247418,26.009545315633233,0.017100292778194102,-4.440892098500626e-16
64,32,0.000244140625,0.7827061258907594,0.7827061258907599,5.551115123125783e-16,662.2507793861552,21710.733083068124,0.03050338175372966,0.006925719910459129,1.467259984963138,50.75429933092128,0.012388161906497748,-1.942890293094024e-15
64,32,0.00027634689994396273,0.7608324420362435,0.7608324420362402,3.219646771412954e-15,635.2836464176879,18450.40474827071,0.034431962609233854,0.007728295893504019,1.4625319580503415,49.498032882293934,0.013674848938234976,-1.8318679906315083e-15
64,32,0.00031280172690898334,0.7375877959745605,0.7375877959745537,6.772360450213455e-15,606.5574358016229,15693.812173053437,0.03864946445855221,0.008611062194721476,1.4573370020149177,48.1538779041936,0.015057906026787282,-2.0539125955565396e-15
64,32,0.00035406556171638964,0.7130754708921737,0.71307547089217,3.6637359812630166e-15,576.1581509951683,13361.25725260926,0.04312155211910563,0.009579362728828759,1.451645458511833,46.72420729885963,0.0165375773164218,-2.1094237467877974e-15
64,32,0.0004007727937832634,0.6874466476677029,0.6874466476676976,5.329070518200751e-15,544.216827667043,11385.890507178252,0.04779747594831873,0.010638416892089119,1.445428810772853,45.21326606020641,0.01811298776230566,-2.609024107869118e-15
64,32,0.0004536414992133564,0.660904226123679,0.6609042261236786,4.440892098500626e-16,510.9120835540523,9711.609770639481,0.05260838271103743,0.011793244724548381,1.438660186948513,43.627302347669726,0.01978218082546391,-2.3314683517128287e-15
64,32,0.0005134844804855499,0.6337044006183085,0.6337044006183056,2.886579864025407e-15,476.47062158303993,8291.30620286419,0.05746629179108661,0.013048599228408165,1.4313148246892362,41.974617514974945,0.02154225305563781,-2.55351295663786e-15
64,32,0.0005812217624638172,0.6061551132914299,0.6061551132914298,1.1102230246251565e-16,441.1652020798301,7085.399773674561,0.062263981733106544,0.014408912417987526,1.4233704571909935,40.265514305021135,0.02338959864712742,-2.4424906541753444e-15
64,32,0.0006578947368421052,0.5786105294709212,0.5786105294709185,2.6645352591003757e-15,405.30973560184043,6060.616055450024,0.06687599608580462,0.01587826190080871,1.4148075795733948,38.51212763811705,0.02532026800665157,-2.3314683517128287e-15
128,4,6.103515625e-05,0.9997358120185117,0.9997358120184288,8.293365993949919e-14,0.0666039548417823,56524.72543814694,1.1783154066739293e-06,6.402848960450051e-05,1.1581815145651504,2.0818191947227325,0.00012705640492662387,4.0939474033052647e-16
128,4,8.215842490557628e-05,0.9996443942603196,0.9996443942602227,9.692247004977617e-14,0.06659445596173239,36395.155502499336,1.8297615449715333e-06,8.618379147724825e-05,1.1580796659274988,2.081767977700883,0.0001710207272731924,5.447031714567174e-16
128,4,0.0001105921111321023,0.9995213491717961,0.9995213491717863,9.880984919163893e-15,0.06658167257720772,23453.948354225373,2.8388257521345068e-06,0.00011600350642897233,1.1579425906371217,2.0816990431969065,0.00023019403428460169,7.4593109467002705e-16
128,4,0.0001488662308060524,0.999355739864761,0.9993557398647042,5.684341886080802e-14,0.06656447032984907,15128.92515161186,4.3998149017716025e-06,0.0001561375861541817,1.1577581147680607,2.081606265884195,0.00030983475489230794,1.0130785099704553e-15
128,4,0.00020038639689163166,0.9991328515228978,0.9991328515227877,1.1002310174035301e-13,0.0665413241879008,9769.643728971412,6.811028736961583e-06,0.00021015099710421618,1.1575098653457105,2.081481405756217,0.0004170169945634337,1.3114509478384662e-15
128,4,0.00026973684926251233,0.9988328897193754,0.9988328897192744,1.0103029524088925e-13,0.06651018478729757,6316.747206764153,1.0529182601462439e-05,0.00028283869733066965,1.15717582859191,2.0813133804826194,0.0005612555222830785,1.7763568394002505e-15
128,4,0.0003630883581853837,0.998429232937805,0.9984292329376458,1.5909495942878493e-13,0.06646829976656358,4090.015996759976,1.625135447372782e-05,0.0003806482488876311,1.1567264184839394,2.0810872893509016,0.0007553443104053598,2.4702462297909733e-15
128,4,0.0004887472965232698,0.9978860888074427,0.9978860888073555,8.715250743307479e-14,0.06641197552700241,2652.4856415314525,2.5037638088271973e-05,0.0005122462068224314,1.1561218936497157,2.080783105578525,0.0010164803154966294,3.3584246494910985e-15
128,4,0.0006578947368421052,0.9971553545368341,0.9971553545367726,6.150635556423367e-14,0.06633626061682994,1723.3140673612475,3.8493424891728855e-05,0.0006892760392395436,1.1553089105893448,2.080373927201378,0.0013677672105203013,4.579669976578771e-15
128,8,6.103515625e-05,0.9996991126256924,0.9996991126257342,4.1744385725905886e-14,0.22854081148776575,58501.736939764756,3.906564547358288e-06,6.852075240582655e-05,1.3511876736296584,2.2278697207994385,0.0001359700775587085,1.1796119636642288e-15
128,8,8.215842490557628e-05,0.9995950000664098,0.9995950000664635,5.3734794391857577e-14,0.22849434598699694,37863.83820146241,6.03463243137807e-06,9.223002935506607e-05,1.351060517208907,2.22780036295906,0.000183017532392596,1.6167622796103842e-15
128,8,0.0001105921111321023,0.9994548717926357,0.9994548717926719,3.6193270602780103e-14,0.22843181743512947,24544.99567610114,9.306655435981514e-06,0.00012414093751064078,1.3508893834159073,2.2277070146783506,0.0002463395785230277,2.3314683517128287e-15
128,8,0.0001488662308060524,0.9992662762882816,0.999266276288246,3.552713678800501e-14,0.22834768119213084,15939.42870572969,1.4325963960681194e-05,0.0001670888745769642,1.3506590762449604,2.2275813839480962,0.00033156228601428656,2.858824288409778e-15
128,8,0.00020038639689163166,0.9990124632612386,0.9990124632612449,6.328271240363392e-15,0.22823448547891298,10371.732473640728,2.2005435066799133e-05,0.00022488804660484205,1.350349159939252,2.2274123177007246,0.0004462537055639291,3.858025010572419e-15
128,8,0.00026973684926251233,0.9986709044085513,0.9986709044086268,7.549516567451064e-14,0.22808222087707994,6764.005449677742,3.371999365966603e-05,0.00030266820995699203,1.3499321612690696,2.2271848186717835,0.0006005918139702335,5.2735593669694936e-15
128,8,0.0003630883581853837,0.9982113091221316,0.9982113091219702,1.6142642778049776e-13,0.22787745240020105,4422.251301205614,5.152973833442619e-05,0.0004073263285745201,1.349371162327066,2.2268787277002056,0.0008082602712237587,7.216449660063518e-15
128,8,0.0004887472965232698,0.997592965894987,0.9975929658950449,5.784261958297066e-14,0.22760216508303582,2899.270884438629,7.850324242024225e-05,0.0005481316033711338,1.3486165831397432,2.2264669602721403,0.0010876481225519249,9.825473767932635e-15
128,8,0.0006578947368421052,0.9967611860780947,0.996761186078146,5.129230373768223e-14,0.2272322350890428,1906.618819822972,0.00011918073645687665,0.0007375345825652882,1.3476018921512636,2.225913151320109,0.0014634537484024385,1.2989609388114332e-14
128,53,6.103515625e-05,0.995686218247426,0.9956862182472825,1.4344081478157023e-13,40.652337972611306,80743.11633296519,0.0005034774457425057,0.00032489357366145556,1.5135369308498847,10.550623985956776,0.0006439196817794797,3.83026943495679e-15
128,53,8.215842490557628e-05,0.9942031353627432,0.994203135362616,1.2723155862204294e-13,40.46692188783201,54386.51856479707,0.0007440616343114331,0.00043704289461285906,1.5128628644659465,10.539370153879613,0.0008658269163639008,5.773159728050814e-15
128,53,0.0001105921111321023,0.9922147041111676,0.9922147041109408,2.2681856393091948e-13,40.2185096270339,36819.27804720359,0.0010923220595328454,0.0005877702507885679,1.5119571440392139,10.52427497130496,0.0011637730830892231,7.605027718682322e-15
128,53,0.0001488662308060524,0.9895523613004604,0.9895523613004205,3.9968028886505635e-14,39.886236252351715,25057.59368955526,0.0015917823852725917,0.0007902378925671459,1.5107409077406697,10.504051746603723,0.0015634658444413716,7.771561172376096e-15
128,53,0.00020038639689163166,0.9859942007451503,0.9859942007450346,1.156852391659413e-13,39.442754524524176,17145.230851170512,0.0023005088042796114,0.0010620124803784857,1.5091090459435716,10.477002288568046,0.002099028122149158,1.176836406102666e-14
128,53,0.00026973684926251233,0.9812503639566137,0.9812503639565371,7.66053886991358e-14,38.852560441424224,11795.660682455615,0.003293801126308418,0.00142647058697301,1.5069219396788178,10.440900685385149,0.0028155362004748945,1.7319479184152442e-14
128,53,0.0003630883581853837,0.9749462236281474,0.974946223628006,1.4144241333724494e-13,38.07015894322272,8159.898476219036,0.0046655187015099825,0.0019145992748993094,1.503994971382657,10.392856402902867,0.0037721555424237363,2.4646951146678475e-14
128,53,0.0004887472965232698,0.9666045374229655,0.9666045374227696,1.9584334154387761e-13,37.03829886986105,5675.604867144361,0.006525876930628646,0.0025672612661249952,1.5000855003187714,10.329163101739455,0.005045884378974278,2.55351295663786e-14
128,53,0.0006578947368421052,0.9556292602981828,0.9556292602981422,4.063416270128073e-14,35.68674488702419,3968.7972850173733,0.008991828587906316,0.003437972875385083,1.4948771997805097,10.24514983670944,0.006735798709210676,3.4638958368304884e-14
128,63,6.103515625e-05,0.9186456842121101,0.9186456842121453,3.519406988061746e-14,1102.8622648581274,85685.64508700972,0.012871027156745134,0.0018729603344293294,1.5088311768108882,58.733233964557385,0.0035845733271014572,2.3869795029440866e-15
128,63,8.215842490557628e-05,0.8939954359859773,0.8939954359860292,5.184741524999481e-14,1048.8471357698184,58058.22531220478,0.01806543569200924,0.002486730209339998,1.5051393053572737,57.26763432524678,0.004704632109066949,2.609024107869118e-15
128,63,0.0001105921111321023,0.863280857774858,0.8632808577749023,4.4297898682543746e-14,981.4430367684415,39546.89635189302,0.02481719495849798,0.0032877981906734148,1.5003256839868495,55.42352333512021,0.006128726663190045,2.942091015256665e-15
128,63,0.0001488662308060524,0.8259435530222037,0.8259435530222587,5.5067062021407764e-14,899.2612987080788,27083.852574849832,0.03320285754114377,0.004324100234673797,1.4941069024043303,53.14965376906516,0.007911010942866496,1.5543122344752192e-15
128,63,0.00020038639689163166,0.7819724651128367,0.7819724651128976,6.09512440519211e-14,801.9431053514825,18650.4527128438,0.04299858655973628,0.005650430196240577,1.4861618449635345,50.41540425329507,0.010100537195897485,-1.1102230246251565e-16
128,63,0.00026973684926251233,0.7322231535905608,0.7322231535906039,4.3076653355456074e-14,690.7685824159435,12913.806289739585,0.05349070343147243,0.007326819729078884,1.4761433774068315,47.22588146207893,0.012735125336642788,-4.884981308350689e-15
128,63,0.0003630883581853837,0.6786541905665099,0.6786541905665575,4.7628567756419216e-14,569.1341392478547,8990.486737333129,0.06330404080176402,0.009416080510330787,1.4636957373810535,43.635131086043,0.01583765763612675,-1.176836406102666e-14
128,63,0.0004887472965232698,0.6242827368309536,0.6242827368309958,4.218847493575595e-14,442.6004770188742,6292.567974412303,0.07033701961085467,0.011981182152985608,1.4484735753496505,39.750730511691735,0.019418571298190055,-2.4424906541753444e-14
128,63,0.0006578947368421052,0.5726720714276912,0.5726720714277436,5.240252676230739e-14,318.25787093555044,4427.059166171684,0.07188922916762486,0.015083601112778143,1.4301557465714174,35.72355343279392,0.023486885886123555,-4.1744385725905886e-14
128,64,6.103515625e-05,0.792467062009188,0.792467062009208,1.9984014443252818e-14,2767.9712852011517,86179.89796241418,0.03211852590505912,0.0034751995679274247,1.4995672486290728,102.00564657634635,0.006225550599715982,4.496403249731884e-15
128,64,8.215842490557628e-05,0.7405326025219684,0.7405326025219752,6.772360450213455e-15,2481.5717772955804,58425.39598694554,0.04247419697163983,0.004513983229297477,1.4933267710963731,95.58002099532031,0.007852058864628845,5.551115123125783e-15
128,64,0.0001105921111321023,0.6823646768566346,0.6823646768566508,1.6209256159527285e-14,2156.4938373633463,39819.65818236196,0.05415651303402099,0.005809827182054672,1.4855538755553275,88.19327517107254,0.00975240195010306,6.827871601444713e-15
128,64,0.0001488662308060524,0.6209026753005129,0.6209026753005455,3.26405569239796e-14,1803.626781285749,27286.47846337929,0.06609965385259828,0.007399520080226409,1.4760376345516848,80.03227035940094,0.011912329087723557,6.772360450213455e-15
128,64,0.00020038639689163166,0.5606882088821782,0.5606882088822209,4.2743586448068527e-14,1439.993948511322,18800.974899011126,0.076591451041566,0.00931583328570268,1.4645965709832878,71.4121860072776,0.014307163687172345,6.439293542825908e-15
128,64,0.00026973684926251233,0.5071954744986015,0.50719547449864,3.852473895449293e-14,1086.5280785451876,13025.620850467983,0.08341468641060214,0.011587039055253167,1.4510831751980835,62.73721715361285,0.01691797588500245,3.3306690738754696e-15
128,64,0.0003630883581853837,0.4653307717207532,0.46533077172081705,6.38378239159465e-14,763.9531703256594,9073.545563444539,0.08419566144060273,0.01423928095102232,1.4353714221356058,54.42266085270377,0.019753062470066782,-3.552713678800501e-15
128,64,0.0004887472965232698,0.4375350659363973,0.43753506593646785,7.05546732149287e-14,488.1801375550729,6354.2642851390965,0.07682716922819752,0.0173016941164113,1.417328042486773,46.804998535002696,0.02286464146605566,-1.554312234475219e-14
128,64,0.0006578947368421052,0.42257750191787935,0.4225775019179294,5.007105841059456e-14,308.7027365341374,4472.885354287116,0.06901646523049285,0.020812575326367273,1.3967781180440295,40.079363572646095,0.02635066638569763,-3.552713678800501e-14
512,4,3.814697265625e-06,0.9999844395095179,0.999984439509717,1.9917401061775308e-13,0.01587212459558038,875576.1071204738,1.8127635583592368e-08,3.859900856855957e-06,1.1516569053081933,2.0197548361129902,7.704723859364057e-06,1.8388068845354155e-16
512,4,7.261847422792337e-06,0.9999703784366751,0.9999703784369558,2.8066438062523957e-13,0.015871765616835627,334494.81988513266,4.744995938139215e-08,7.3478476669901266e-06,1.1516408689494617,2.0197475982256927,1.4666992381405436e-05,3.2786273695961654e-16
512,4,1.3824013891512783e-05,0.9999436114994534,0.9999436114991056,3.4783287361506154e-13,0.015871082276418234,127948.73722469377,1.2404250812219158e-07,1.3987541389395762e-05,1.1516103422682167,2.019733820110055,2.792044241377579e-05,6.279698983036042e-16
512,4,2.6316080323160334e-05,0.9998926581497051,0.9998926581497187,1.3655743202889425e-14,0.015869781545585417,49026.927348742895,3.2369521003629315e-07,2.662670232683901e-05,1.1515522335251105,2.0197075924423302,5.3149388548430974e-05,1.2628786905111156e-15
512,4,5.009659922290785e-05,0.9997956663381654,0.999795666338656,4.906075545818567e-13,0.01586730580764121,18830.220425583895,8.426510921817416e-07,5.068546126359764e-05,1.1514416270264416,2.01965766791248,0.0001011729123380426,2.2690183065776637e-15
512,4,9.536637762470801e-05,0.9996110478989909,0.9996110478989237,6.716849298982197e-14,0.015862594311861353,7255.3316423354645,2.1863362136751675e-06,9.647847492180126e-05,1.1512311151767007,2.019562642728119,0.00019258000796540045,4.6074255521944e-15
512,4,0.00018154417909269183,0.9992596714991882,0.9992596714993454,1.5720758028692217e-13,0.015853630496795324,2807.444107119436,5.646997728856608e-06,0.00018362901600640777,1.1508305343924579,2.019381797451386,0.00036654046740477704,8.243405957841787e-15
512,4,0.0003455965276581964,0.9985910362694349,0.998591036269687,2.5213164889237305e-13,0.015836585438679097,1092.5020047310663,1.4495703779122566e-05,0.00034944867296482843,1.1500685483990265,2.0190377102614545,0.0006975313574622426,1.5709655798445965e-14
512,4,0.0006578947368421052,0.9973191386300306,0.997319138630246,2.1538326677728037e-13,0.015804205991409786,428.2991909097425,3.68999202586406e-05,0.000664805543867786,1.1486200908417872,2.018383336224456,0.0013270107404500038,3.008704396734174e-14
512,8,3.814697265625e-06,0.9999839409935822,0.9999839409939568,3.745892485085278e-13,0.04915498468264665,883438.1760861054,5.564054849929386e-08,3.9219065590631474e-06,1.343599390264485,2.052200181873574,7.828492558979093e-06,2.8536201179818477e-15
512,8,7.261847422792337e-06,0.9999694294540526,0.9999694294530741,9.78550573904613e-13,0.04915350110520452,338624.8033253059,1.45156233750498e-07,7.465882708813657e-06,1.3435803806455033,2.0521923622949156,1.4902599596800974e-05,5.421010862427522e-15
512,8,1.3824013891512783e-05,0.9999418050309233,0.999941805031284,3.6071146070071336e-13,0.04915067703944311,130118.23105125628,3.7773858929946284e-07,1.4212231167834458e-05,1.3435441941140445,2.05217747688449,2.836893777571094e-05,1.0390993621101074e-14
512,8,2.6316080323160334e-05,0.99988921949098,0.9998892194913083,3.282929483816588e-13,0.049145301537789544,50166.562803056455,9.79642590438652e-07,2.7054405433845434e-05,1.3434753117083293,2.0521491414670363,5.400310049202081e-05,1.9935442185925467e-14
512,8,5.009659922290785e-05,0.9997891211502437,0.9997891211498029,4.4075854077618715e-13,0.049135070386084355,19428.864354721798,2.5289728462252123e-06,5.149955841892778e-05,1.3433441985013552,2.052095205069516,0.00010279784123336519,3.7539416020138106e-14
512,8,9.536637762470801e-05,0.9995985911022297,0.9995985911022558,2.609024107869118e-14,0.049115600814605594,7569.789087714558,6.48837110855811e-06,9.802786936627056e-05,1.3430946583787415,2.0519925446852105,0.00019567243532817708,7.11375403028569e-14
512,8,0.00018154417909269183,0.9992359688009407,0.9992359688013721,4.3143266736933583e-13,0.04907856276847697,2972.616484137764,1.651022357924947e-05,0.00018657721134529367,1.342619815180216,2.0517971718732557,0.0003724242217828192,1.362243651215067e-13
512,8,0.0003455965276581964,0.9985459532989791,0.9985459532983896,5.895284260759581e-13,0.049008146509223735,1179.2539353994682,4.15586033152583e-05,0.0003550562650733062,1.3417165817435224,2.0514254554515627,0.0007087205827812052,2.554623179662485e-13
512,8,0.0006578947368421052,0.9972334563085765,0.9972334563077254,8.51096970677645e-13,0.048874428392596564,473.8563407387816,0.0001031418685173596,0.0006754632914299976,1.3399996805231371,2.050718579467964,0.0013482699404786089,4.860556401808935e-13
512,234,3.814697265625e-06,0.9989372051450778,0.9989372051442125,8.65307825392847e-13,213.0024887945657,1327645.0726442935,0.00016043631930205937,4.2438218220373686e-05,1.5287449184388715,22.197448730935864,8.467622396359214e-05,1.0602629885170245e-14
512,234,7.261847422792337e-06,0.9979796776126917,0.9979796776127756,8.393286066166183e-14,211.79076138559094,571968.8676950934,0.0003702837223275112,8.075140181876903e-05,1.5285110795702774,22.179472033531148,0.0001610627722123156,1.73749903353837e-14
512,234,1.3824013891512783e-05,0.9961643594754125,0.9961643594752587,1.5376588891058418e-13,209.49445718495167,252694.6322520383,0.0008290419757551531,0.00015359185748772998,1.5280665557754503,22.145366621448634,0.00030613362381208114,3.907985046680551e-14
512,234,2.6316080323160334e-05,0.9927354805161236,0.992735480516103,2.0539125955565396e-14,205.16044266408923,114555.9659717729,0.0017909188833922598,0.0002919141304992429,1.5272225860605555,22.080858526090232,0.0005810663551880541,9.658940314238862e-14
512,234,5.009659922290785e-05,0.986303696291957,0.986303696291408,5.490052856771399e-13,197.0429896603302,53252.24635101342,0.003700181741846471,0.0005540094761631427,1.5256240302759643,21.95954439739454,0.0011000433863612715,2.5490720645393594e-13
512,234,9.536637762470801e-05,0.9743949252968065,0.9743949252966537,1.5276668818842154e-13,182.05656384334495,25336.634751633384,0.007185506900501387,0.0010485996936661845,1.522609640572779,21.733837109808405,0.0020724796721688457,6.279421427279885e-13
512,234,0.00018154417909269183,0.9528658226977988,0.9528658226970279,7.709388682997087e-13,155.1168923417717,12304.855785673293,0.012606152810208174,0.001974900260662391,1.5169717902119115,21.322122718013816,0.0038702046522289435,1.4228618283596006e-12
512,234,0.0003455965276581964,0.9155690760991125,0.9155690760985173,5.951905635015464e-13,108.97519520380673,6080.738018164174,0.01792137646421861,0.003686433945764406,1.5065811440695647,20.59720477564345,0.007115863232302823,2.3092638912203256e-12
512,234,0.0006578947368421052,0.8554498295473056,0.8554498295469166,3.8902214782865485e-13,95.50886965848704,3047.8353060794952,0.031336624215874194,0.0067767743398519,1.4879071628753398,19.395373625657736,0.012751724934686218,1.7905676941154525e-12
512,255,3.814697265625e-06,0.9231537230996392,0.9231537230996394,2.220446049250313e-16,18475.988645585876,1368920.9347138598,0.013496753667112147,0.00046890778659441825,1.5266820259481124,236.11042716148162,0.0009006863650326409,6.317169010117141e-14
512,255,7.261847422792337e-06,0.8657338498851519,0.8657338498852134,6.150635556423367e-14,16199.816305126007,593651.2807560029,0.02728843823009338,0.0008628269694861527,1.524278885505663,221.26222617401015,0.0016067608588508288,1.0708101072509635e-13
512,255,1.3824013891512783e-05,0.7803837918339293,0.7803837918339722,4.296563105299356e-14,12766.219885208702,264084.47484149155,0.048341425193098635,0.0015486555277058642,1.5200982842114033,198.2740936035944,0.0027409059339814877,1.6420198534206065e-13
512,255,2.6316080323160334e-05,0.6754121265321587,0.6754121265321529,5.773159728050814e-15,8359.265262141102,120539.0521069191,0.06934902105191906,0.002679524731528571,1.5132148418994558,167.24689406037982,0.0044011668764310065,2.0827783941967937e-13
512,255,5.009659922290785e-05,0.5789713415414488,0.5789713415415094,6.061817714453355e-14,3858.2547907889953,56395.12697898741,0.06841468398903623,0.004427235788359807,1.5026033796094802,132.30398371125236,0.006627647624969878,1.7053025658242404e-13
512,255,9.536637762470801e-05,0.5177240968014962,0.5177240968015786,8.237854842718662e-14,2581.3908915531397,26987.536339873626,0.09565122429271836,0.006975497640793892,1.4871937361817782,99.7352066772813,0.009510478402589177,-2.042810365310288e-14
512,255,0.00018154417909269183,0.4875936072632503,0.4875936072633884,1.3811174426336947e-13,1358.7524103024216,13172.010765019517,0.10315451714561427,0.010556375970756813,1.4656708703348473,73.38757156891062,0.01332066814632046,-5.044853423896711e-13
512,255,0.0003455965276581964,0.46939882505034886,0.4693988250504564,1.0752509993494641e-13,698.0581151659802,6536.185654173284,0.10679900359321612,0.01550056190573983,1.4362101060369328,53.51720659066718,0.018488971043508315,-1.3322676295501878e-12
512,255,0.0006578947368421052,0.4522959742013788,0.4522959742016184,2.395861287141088e-13,365.11659430534206,3287.0103426819505,0.11107862654531069,0.0222664859663135,1.3963781293681248,38.89953578204423,0.025574974215676678,-8.881784197001252e-13
512,256,3.814697265625e-06,0.7999407649863397,0.7999407649863075,3.219646771412954e-14,45723.56372164163,1370886.4519552677,0.03335328294799838,0.0008710943271832911,1.5242511995926649,409.4914098056054,0.0015620798024208182,1.0208500711428314e-13
512,256,7.261847422792337e-06,0.6850290550781146,0.6850290550780731,4.1522341120980855e-14,34574.05573466048,594683.7766160461,0.05813855547127697,0.0015201364125502674,1.5202934348890027,348.31892917544076,0.00252942054987636,1.6669998714746725e-13
512,256,1.3824013891512783e-05,0.5623922699002606,0.562392269900152,1.0857981180834031e-13,21621.331229749456,264626.8482981321,0.08170497955441988,0.002526699746985651,1.5141628666239662,274.27189831903365,0.0037914861188571257,2.3991919562149633e-13
512,256,2.6316080323160334e-05,0.48033954916580635,0.4803395491656488,1.5754064719430971e-13,10009.53579000489,120823.9609704975,0.0828439633132785,0.003975602492126839,1.5053564294439277,202.03575351560076,0.005316649204299263,2.69340105774063e-13
512,256,5.009659922290785e-05,0.4604701876394302,0.4604701876394093,2.09277040141842e-14,5125.674612172773,56544.78796127189,0.09064804727331192,0.005961366209810692,1.4933265674204317,144.4252736370558,0.007234852609542765,1.6209256159527285e-13
512,256,9.536637762470801e-05,0.4671564416928338,0.46715644169305826,2.244315844279754e-13,2320.268022628297,27066.1507012184,0.08572582219915921,0.008648555753390432,1.477124439974007,103.3665301145033,0.009856751541965775,-1.0125233984581428e-13
512,256,0.00018154417909269183,0.4681416193310874,0.4681416193312389,1.514899317101026e-13,1282.2286987801035,13213.303859274098,0.09704073352404881,0.012300712288914703,1.4552467669219422,74.51356275660063,0.013525048188148332,-6.092903959142859e-13
512,256,0.0003455965276581964,0.461032549835161,0.4610325498351955,3.447242491461111e-14,681.6356493264195,6557.873636840385,0.10394156506724561,0.01727806305156803,1.4256941254148228,53.8968723952419,0.018620136896776454,-1.3784529073745944e-12
512,256,0.0006578947368421052,0.4483487713129074,0.4483487713137162,8.087974734394265e-13,351.76425604265097,3298.3996301392103,0.10664694866819538,0.024052105457473827,1.385961103335361,39.033687226455704,0.025663173718905793,-9.379164112033322e-13
2048,4,2.384185791015625e-07,0.999999041654821,0.999999041655542,7.209788321915767e-13,0.003921555019929064,13894554.293900926,2.8223683444458866e-10,2.39119008885343e-07,1.1499857049531539,2.00489667695934,4.780045030009359e-07,1.8492152253912764e-15
2048,4,6.418626945748141e-07,0.9999974199760574,0.9999974199756707,3.86690679476942e-13,0.003921544712015984,3150066.970657289,1.244908361804676e-09,6.437478469893269e-07,1.149983844592319,2.0048958601714606,1.2868670331596018e-06,4.975620609970477e-15
2048,4,1.7280017364390972e-06,0.999993054155438,0.9999930541569029,1.4648282586904315e-12,0.003921516961646879,714817.6521252501,5.486038222458099e-09,1.733073100753333e-06,1.1499788362122283,2.004893661248472,3.4644537414310185e-06,1.3405943022348765e-14
2048,4,4.652069712689134e-06,0.9999813007075785,0.9999813007098055,2.2269963650956015e-12,0.003921442254667525,162451.53362626903,2.4139151949707496e-08,4.665695267872843e-06,1.149965352978028,2.0048877414279307,9.326834150155936e-06,3.6061431618605866e-14
2048,4,1.2524149805726959e-05,0.9999496589782274,0.9999496589789487,7.213118990989642e-13,0.003921241140704587,37009.5551148909,1.0595212853901246e-07,1.2560633452747038e-05,1.14992905503573,2.004871804628316,2.5109000353561286e-05,9.709594239737385e-14
2048,4,3.371710615781403e-05,0.9998644779061344,0.9998644779075221,1.3876677584789832e-12,0.003920699777733296,8464.845016441177,4.6317443144182357e-07,3.38138867231227e-05,1.1498313434514233,2.004828902616248,6.759474983840983e-05,2.612077221186837e-13
2048,4,9.07720895463459e-05,0.9996351834295156,0.99963518343327,3.754330180072429e-12,0.003919242839298478,1948.356695330243,2.0115633080390205e-06,9.10222073926553e-05,1.1495683494608078,2.0047134214718585,0.00018195550972678262,7.035483307049617e-13
2048,4,0.0002443736482616349,0.9990180815181382,0.9990180815198073,1.6691092952214603e-12,0.003915324147073916,452.93976616969115,8.64424905806805e-06,0.00024497143341251673,1.1488607742834236,2.0044026591115967,0.0004897035197567334,1.893818435405592e-12
2048,4,0.0006578947368421052,0.9973581672116206,0.9973581672142018,2.5811575099510264e-12,0.0039048006207751617,106.91787325592499,3.652149544191174e-05,0.0006589569565160686,1.1469591097316136,2.0035669917784924,0.0013172695540949987,5.082601006733967e-12
2048,8,2.384185791015625e-07,0.9999990341216947,0.9999990341206058,1.0889067425523535e-12,0.011857339702666435,13925956.592751503,8.514560291562457e-10,2.4005949595006245e-07,1.341649984067257,2.012782202017824,4.798845582326092e-07,2.9950000812739574e-15
2048,8,6.418626945748141e-07,0.9999973996956633,0.9999973997003053,4.6420645105627045e-12,0.011857298742787925,3161731.285338946,3.750255057338559e-09,6.462797903346358e-07,1.3416478051097511,2.012781369166667,1.2919284439626284e-06,8.060392631126234e-15
2048,8,1.7280017364390972e-06,0.9999929995575251,0.9999929995531147,4.410360965323434e-12,0.01185718847005985,719150.333141866,1.6487774424378656e-08,1.7398894784559566e-06,1.3416419390181145,2.0127791269989417,3.4780798163945795e-06,2.1668430938426297e-14
2048,8,4.652069712689134e-06,0.9999811537230372,0.999981153720114,2.923217223838037e-12,0.011856891603397219,164060.8943819091,7.227128468406467e-08,4.684045826509206e-06,1.3416261467098354,2.012773090757976,9.363517174296225e-06,5.842548667089886e-14
2048,8,1.2524149805726959e-05,0.9999492632870071,0.9999492632895226,2.5155433291956797e-12,0.011856092432404649,37607.3441550914,3.1526002962374927e-07,1.2610034267077783e-05,1.3415836325631276,2.012756840547423,2.5207752487849193e-05,1.5670797992584085e-13
2048,8,3.371710615781403e-05,0.9998634127533169,0.9998634127520063,1.3106182805699973e-12,0.011853941245751863,8686.887821496452,1.3645786027555537e-06,3.3946867781811276e-05,1.3414691874331823,2.0127130948700698,6.786057302281203e-05,4.2221781626494703e-13
2048,8,9.07720895463459e-05,0.9996323166869437,0.9996323166880074,1.0637046798933625e-12,0.01184815217592663,2030.8293337331172,5.834144691098727e-06,9.138011178143019e-05,1.341161154926605,2.012595343084909,0.00018267090328347174,1.1359801987964602e-12
2048,8,0.0002443736482616349,0.999010369756774,0.9990103697543873,2.3867574583391615e-12,0.011832583574034721,483.5693539272652,2.446925860362625e-05,0.00024593422692456064,1.3403324081167278,2.0122784724680765,0.0004916276907829905,3.057554209817681e-12
2048,8,0.0006578947368421052,0.9973374491783968,0.9973374491778486,5.482281295599023e-13,0.011790789896963971,118.29046903640325,9.967658419999518e-05,0.0006615435694430202,1.3381051050780925,2.0114263945986375,0.0013224368143317801,8.208544954868557e-12
2048,979,2.384185791015625e-07,0.9997483138433567,0.999748313844762,1.4053203045705231e-12,921.8630857617006,21548864.63872895,4.278012327873977e-05,5.306763126584654e-06,1.5317170345847453,44.489732284795174,1.0607176227001892e-05,5.92303983637521e-14
2048,979,6.418626945748141e-07,0.999322910762772,0.9993229107703883,7.616240971231036e-12,917.2711720975367,5993243.6743111,0.0001530508722729305,1.4283772145833085e-05,1.5316620603768203,44.47237344508393,2.854513913153906e-05,1.73749903353837e-13
2048,979,1.7280017364390972e-06,0.9981807187736261,0.9981807187721259,1.500244373175974e-12,904.9437983651251,1770908.6499253649,0.0005110053521977342,3.843315694948561e-05,1.531514177012239,44.42573931841713,7.676762203023131e-05,4.605205106145149e-13
2048,979,4.652069712689134e-06,0.9951277794680786,0.995127779467289,7.895906151134113e-13,872.0069237991232,554733.2178135413,0.001571939259805107,0.00010331580046228677,1.531116890362423,44.300903458858684,0.00020608993248098876,1.0720313525780512e-12
2048,979,1.2524149805726959e-05,0.9870650742873498,0.9870650742882319,8.820721930646869e-13,785.1138189970392,182720.633663761,0.004296798906913767,0.00027704795945054776,1.5300533493023285,43.9698843718053,0.0005506785220326774,2.8066438062523957e-12
2048,979,3.371710615781403e-05,0.9664298219081515,0.9664298219048888,3.26272342476841e-12,563.3910868150998,62587.778748664285,0.009001614981057678,0.000738130186664516,1.5272324836786182,43.11367009543242,0.0014536191796284746,6.217248937900877e-12
2048,979,9.07720895463459e-05,0.9175935470062484,0.917593547001907,4.341416115494212e-12,420.10302390255396,22051.062306030846,0.019051373492680126,0.0019348865798009974,1.519922730765922,41.03234384839838,0.0037242535318281877,1.0786038728838321e-11
2048,979,0.0002443736482616349,0.8205430448828778,0.8205430448862643,3.386513292014115e-12,327.2381166894317,7918.901782078364,0.041323674127392206,0.004888139622624309,1.5019581656290855,36.633155347216025,0.00894999067766059,-3.112177182629239e-11
2048,979,0.0006578947368421052,0.6792158683846021,0.6792158683850005,3.9834802123550617e-13,201.57710557366582,2878.9880947475035,0.07001665131628299,0.011525489889274005,1.4619687557965764,29.433020354741295,0.019351098195096183,7.855760486563668e-11
2048,1023,2.384185791015625e-07,0.9243012099772131,0.9243012099772572,4.4075854077618715e-14,298960.26180219016,21894289.92608529,0.013654713754658149,0.00011726832884291444,1.5310987703941035,945.6188434349815,0.000225453047271236,2.7122748491592574e-13
2048,1023,6.418626945748141e-07,0.8260287123003958,0.8260287123005239,1.2811973704174306e-13,234381.54520776073,6121551.135809324,0.038287933892554735,0.0002969424320524907,1.5299987169086005,840.6964777357105,0.0005396113601625967,5.722089468918057e-13
2048,1023,1.7280017364390972e-06,0.6735958803774009,0.6735958803773983,2.6645352591003757e-15,128961.89476327236,1818568.1411081392,0.0709139744880221,0.0006988431958563131,1.5275392014210025,658.8428116525656,0.001138479555281402,7.205347429817266e-13
2048,1023,4.652069712689134e-06,0.5488340725877057,0.5488340725876943,1.1324274851176597e-14,51105.787928924634,572436.1861255823,0.0892777032053542,0.0014782385026966694,1.5227745019426941,446.66858211791913,0.002077923715834587,-5.098144129078719e-13
2048,1023,1.2524149805726959e-05,0.505207115037173,0.505207115038087,9.140466161738914e-13,19910.054714159454,189296.3131059664,0.10517930533075931,0.002828101626155059,1.5145393448314677,279.757137310982,0.0035036764163357565,-2.064126647383091e-12
2048,1023,3.371710615781403e-05,0.4919916350448465,0.4919916350393514,5.4951043715334436e-12,6984.44436110588,65030.24960427229,0.10740300711758335,0.005065218978383205,1.5009401939077094,171.66942494614193,0.005788001070313427,-8.490985692333197e-12
2048,1023,9.07720895463459e-05,0.4822189729069212,0.48221897290824245,1.3212764216063988e-12,2715.1517644817945,22958.261328462464,0.11826469459669796,0.008727703497165127,1.4788087118288966,104.84945690734321,0.009516540455016738,2.5863755581667647e-12
2048,1023,0.0002443736482616349,0.46939176426595375,0.4693917642201626,4.579114865066458e-11,990.0215823312748,8255.827247411677,0.11991791405781427,0.014685327266988667,1.4431593989734517,63.95230902646835,0.015624440869936118,1.7337242752546445e-12
2048,1023,0.0006578947368421052,0.44949368917179583,0.44949368915686705,1.492878043407586e-11,362.23222118775465,3004.0866483327645,0.12057981795857639,0.024307073460526355,1.3865031161977295,38.99448817338524,0.025637401823395953,-5.1386450650170445e-11
2048,1024,2.384185791015625e-07,0.8018296487746016,0.8018296487743894,2.1216362000586741e-13,737337.2937687193,21902140.50079793,0.03366507916163979,0.00021791632753327559,1.5304839358827425,1639.4226824376794,0.00039086873330329563,3.539391002504999e-13
2048,1024,6.418626945748141e-07,0.6212941049392966,0.6212941049392007,9.592326932761353e-14,445177.50889051077,6124467.214479737,0.07268836509370193,0.0005037237801734031,1.5287343294382552,1237.4308282934899,0.0007942601759924267,7.560618797697316e-13
2048,1024,1.7280017364390972e-06,0.4847438264948706,0.4847438264947974,7.316369732279782e-14,148402.10256181823,1819651.3113622933,0.08155524172964548,0.0010300291119516851,1.5255145770650589,787.9811414924117,0.0013616304278804055,1.0220713164699191e-12
2048,1024,4.652069712689134e-06,0.4774542485384364,0.477454248537831,6.053491041768666e-13,56310.99044873322,572838.5263144923,0.09830168164670211,0.0018898181686717674,1.5202616789066448,469.78536240396534,0.002185464088972879,-5.027089855502709e-13
2048,1024,1.2524149805726959e-05,0.48861993280677335,0.4886199328046805,2.0928259125696513e-12,18839.663567977506,189445.76036601653,0.09944621368975769,0.0032740766981260495,1.5118236658719555,283.53811037856394,0.003551029296391008,-1.993072373807081e-12
2048,1024,3.371710615781403e-05,0.4872159639070067,0.4872159639080156,1.0088596624768797e-12,7476.148069051636,65085.760305536125,0.11486610948317866,0.005526071765179941,1.4981464689558215,172.40416207120148,0.00581277344470437,-9.85522774499259e-12
2048,1024,9.07720895463459e-05,0.480639036552251,0.48063903657928364,2.7032653893144243e-11,2672.0433504969296,22978.879488063183,0.11628257817727682,0.009194265463014207,1.4760012721219526,105.00329477940687,0.00953050337267211,4.078515303262975e-12
2048,1024,0.0002443736482616349,0.4688367805677531,0.46883678056893885,1.1857737014508984e-12,991.523424804932,8263.48464435107,0.11998853600856374,0.015151397412084069,1.440388910868298,63.98563017224737,0.015632581690492378,-6.821210263296962e-13
2048,1024,0.0006578947368421052,0.4492915575117171,0.44929155736841864,1.4329848418981328e-10,357.6508269360733,3006.929797277884,0.11894219388156244,0.024766882650059985,1.3838240253611178,39.00183780934958,0.025642233931196308,-4.263256414560601e-11
4096,4,5.960464477539063e-08,0.9999997609984551,0.9999997609852471,1.32079902570581e-11,0.0019569454693580384,55501870.5817379,3.525909034860428e-11,5.96920772206276e-08,1.1497057028458688,2.002444867836309,1.1935500791557437e-07,4.939625097843958e-16
4096,4,1.9082692081079716e-07,0.9999992348260767,0.9999992348198248,6.2518878962691815e-12,0.001956943796765037,9697411.931070775,2.0180062584481278e-10,1.9110678940694885e-07,1.1497050986404467,2.0024446037858783,3.8212026491582244e-07,1.5827183313943394e-15
4096,4,6.109408728691073e-07,0.9999975502632105,0.9999975502664711,3.2606140010216222e-12,0.001956938446717507,1695543.586754667,1.1541658156150142e-09,6.118363694119704e-07,1.1497031642531246,2.0024437584176327,1.223373990229791e-06,5.061055741162335e-15
4096,4,1.955954372455339e-06,0.999992157074644,0.999992157079987,5.343059328311028e-12,0.001956921318194161,296828.4037998368,6.592769738821191e-09,1.9588160636007345e-06,1.1496969712589413,2.0024410519432307,3.916675670293528e-06,1.6188439477815564e-14
4096,4,6.262074902863491e-06,0.9999748906888143,0.9999748906818695,6.944778085937742e-12,0.001956866481799081,52079.56893323186,3.7574552206986655e-08,6.271182606733267e-06,1.1496771444493454,2.0024323871435055,1.2539303074157294e-05,5.184741524999481e-14
4096,4,2.004831127008725e-05,0.9999196130954403,0.9999196130988821,3.4418023986404478e-12,0.0019566909345977708,9173.500679819266,2.1329817295400484e-07,2.0076915207501478e-05,1.1496136714875003,2.002404647410469,4.014402684000867e-05,1.6603385333269216e-13
4096,4,6.418556006069384e-05,0.9997426548839745,0.9997426548827661,1.2083667400020204e-12,0.0019561290553683766,1626.9988848034532,1.202292806491188e-06,6.42714510508754e-05,1.1494104953415358,2.002315847758882,0.0001285115155232087,5.293543381412746e-13
4096,4,0.0002054929248056811,0.9991762737196163,0.9991762737138288,5.7874816050684785e-12,0.001954331637689743,291.9920868921323,6.693097948273209e-06,0.00020570965162095676,1.1487603801589525,2.002031657638656,0.0004113188177748412,1.70174985214544e-12
4096,4,0.0006578947368421052,0.9973646009283108,0.9973646009250388,3.2720492981752614e-12,0.0019485920930241553,53.445881942583256,3.64591624686355e-05,0.0006579921798000987,1.1466827145407141,2.0011228945376915,0.00131566265255601,5.4427573559223674e-12
4096,8,5.960464477539063e-08,0.9999997600619948,0.9999997600375536,2.444111579791297e-11,0.005893864203263264,55564659.85376855,1.0607217283025491e-10,5.980906314229068e-08,1.341323319359336,2.0063693056375462,1.1958892262271785e-07,2.0216033708164716e-15
4096,8,1.9082692081079716e-07,0.9999992318279602,0.9999992318143995,1.3560708111981512e-11,0.005893857606368657,9717024.11025434,6.065496534220689e-10,1.9148132479075523e-07,1.34132261307152,2.006369038999628,3.828691526606758e-07,6.479625863642369e-15
4096,8,6.109408728691073e-07,0.9999975406646278,0.9999975406681187,3.4909852786313422e-12,0.005893836482435305,1701669.4335557239,3.4635613511137925e-09,6.130354585703139e-07,1.341320351863424,2.0063681853474455,1.2257715815790155e-06,2.075943583701445e-14
4096,8,1.955954372455339e-06,0.9999921263445638,0.9999921263438409,7.228662113334394e-13,0.005893768854508784,298741.80485390034,1.9728637769297575e-08,1.9626549749504546e-06,1.34131311254365,2.0063654523518513,3.924351603418261e-06,6.64329702360078e-14
4096,8,6.262074902863491e-06,0.999974792307224,0.9999747922897768,1.7447154831984335e-11,0.00589355234591843,52677.215735664926,1.1188048311991973e-07,6.283472786531432e-06,1.3412899359340604,2.0063567026450735,1.2563877277885078e-05,2.1266322036694874e-13
4096,8,2.004831127008725e-05,0.9999192981442352,0.9999192981454144,1.1791678744543788e-12,0.005892859247512025,9360.17263426945,6.295673678001512e-07,2.0116260042458577e-05,1.3412157390321309,2.0063286910961207,4.0222695712078e-05,6.796785356755208e-13
4096,8,6.418556006069384e-05,0.9997416467774078,0.9997416467656421,1.1765699525767559e-11,0.005890640907422972,1685.3031556316619,3.495300467300866e-06,6.439738739322682e-05,1.340978235797994,2.00623902139634,0.00012876331045874533,2.183142555622908e-12
4096,8,0.0002054929248056811,0.9991730485131964,0.9991730485019161,1.128031001940144e-11,0.005883545401586652,310.2008090452798,1.8966892509709202e-05,0.00020611255667804038,1.3402182832311604,2.005952047647706,0.0004121242646705416,6.973532862275533e-12
4096,8,0.0006578947368421052,0.9973542987245428,0.9973542987152086,9.334200079536004e-12,0.0058608963939927915,59.130791237489,9.911750327259236e-05,0.0006592791756977698,1.3377896059538272,2.005034391761651,0.0013182343141102243,2.2243540342969936e-11
4096,1984,5.960464477539063e-08,0.999876141365238,0.9998761412970367,6.820122244732829e-11,1887.5969288688264,86582560.23691042,2.180112165433678e-05,1.8778918512325078e-06,1.5321571450327678,62.99266582978371,3.754655246444253e-06,4.019284904899223e-13
4096,1984,1.9082692081079716e-07,0.9996036539368407,0.999603653861044,7.579670224799884e-11,1879.126859137797,19405440.626934223,9.683505235792586e-05,6.011358406611718e-06,1.532131818742679,62.97652821900107,1.2017614670101849e-05,1.2434497875801753e-12
4096,1984,6.109408728691073e-07,0.9987330532312465,0.9987330531631926,6.805389585196053e-11,1852.0669908109182,4727837.7532777265,0.0003917365796926751,1.9237482404407377e-05,1.5320507819363047,62.92494502432454,3.84433973517587e-05,4.137579168173033e-12
4096,1984,1.955954372455339e-06,0.9959639021651803,0.9959639020922566,7.292366710487386e-11,1766.0183835340088,1243961.9255612837,0.0014196723768190652,6.150641326823492e-05,1.5317918132445918,62.76063545790584,0.0001227566992354639,1.2937206861352024e-11
4096,1984,6.262074902863491e-06,0.9872799171397663,0.9872799170894666,5.029965333136488e-11,1496.3967298275863,347914.7361375993,0.004301044406569102,0.0001960714402787488,1.5309675184206095,62.24300169952045,0.00038976789806568417,3.936762027478835e-11
4096,1984,2.004831127008725e-05,0.9612132334106513,0.9612132333823098,2.834155132802607e-11,998.9383061725306,101576.11813266006,0.009834381590246449,0.0006193666928631903,1.5283759960588246,60.667003795332114,0.0012162465922221208,5.404388048191322e-11
4096,1984,6.418556006069384e-05,0.8922094280187519,0.8922094280350734,1.632149970731689e-11,797.1293852087696,30487.612944766763,0.026146008434733747,0.0019054221689098077,1.520515723498104,56.31872614251546,0.003614616973147367,-2.0463630789890885e-12
4096,1984,0.0002054929248056811,0.7568653627426146,0.7568653626771891,6.542555386346294e-11,529.7387828211072,9305.309552700133,0.05692865775404454,0.005493551709978891,1.498691428630382,46.864795642915816,0.0096284053579051,-5.354650056688115e-11
4096,1984,0.0006578947368421052,0.5948537133937168,0.594853713352137,4.157985067365644e-11,259.6361991315449,2867.4759829209265,0.09054520445087356,0.014115565048623374,1.4468907296358633,33.23348747156678,0.02184976165126021,2.7193891583010554e-10
4096,2047,5.960464477539063e-08,0.9244932544825374,0.9244932544829574,4.199973702156967e-13,1198074.289891382,87571491.2713932,0.01368109955074791,5.863760611926827e-05,1.5318331565709964,1891.6300389700946,0.00011274992979885129,5.805078640008787e-13
4096,2047,1.9082692081079716e-07,0.8027262476273286,0.8027262476275558,2.2726265314076954e-13,875298.624849755,19714332.449075334,0.04439910035557959,0.00017361060917315917,1.5311288013675761,1628.7038607463267,0.0003108004833497797,1.5053513990892498e-12
4096,2047,6.109408728691073e-07,0.6223362046769739,0.6223362046779424,9.68447544380524e-13,355300.9372567269,4824319.840394369,0.073647881776363,0.000460258928612066,1.5293732854748965,1166.9537411582385,0.0007129393016573254,2.9753977059954195e-12
4096,2047,1.955954372455339e-06,0.5213421745149845,0.5213421745188267,3.842148821320279e-12,114034.29653192118,1274097.9921627843,0.08950198276221101,0.001051002191350179,1.5257583292589818,702.142997126051,0.0013733569790940077,3.4017233474514796e-12
4096,2047,6.262074902863491e-06,0.5000465123091846,0.5000465123131193,3.934630399271555e-12,38278.382464516275,357327.67327592004,0.1071240358004923,0.002141540398482967,1.5190960429563916,397.83941018105685,0.0024912845852541328,-7.077005648170598e-12
4096,2047,2.004831127008725e-05,0.4924068753874737,0.49240687539649386,9.020173497020778e-12,12142.63006050982,104516.20141525044,0.11617940468642055,0.004099694077256337,1.5071698824384667,223.0598176459599,0.004471883002312711,-3.552713678800501e-12
4096,2047,6.418556006069384e-05,0.48442966718629016,0.4844296670994197,8.687045527366877e-11,3836.4466655861966,31405.905210311048,0.12215685680432581,0.007589973837801775,1.4860288165945577,124.77687892848067,0.008008359835588702,-5.155698090675287e-11
4096,2047,0.0002054929248056811,0.4716504125004168,0.4716504126983452,1.979283958952749e-10,1171.0926359230855,9592.096926612207,0.12208932466831306,0.013776555988758344,1.4489228061812052,69.75852020878635,0.014331937236118936,8.105871529551223e-11
4096,2047,0.0006578947368421052,0.4493788936482846,0.449378893465763,1.8252160893794667e-10,360.24469351466064,2957.013304315692,0.12182721430062282,0.024652809416275796,1.3848263593375834,38.998649478167216,0.025640137723975817,1.5643308870494366e-10
4096,2048,5.960464477539063e-08,0.802145257698412,0.8021452576973525,1.0595968547022494e-12,2953191.732778247,87587188.58940086,0.03371716549348885,0.00010897004636218276,1.5315251462635542,3279.3301366885344,0.00019546329624803294,8.080203173221889e-13
4096,2048,1.9082692081079716e-07,0.5899586786171396,0.5899586786154538,1.6857626405908377e-12,1554338.2710021082,19719235.493871227,0.07882345497041197,0.00028820903532931515,1.5304271670225003,2311.9342068036185,0.0004411792016126188,1.917466185830108e-12
4096,2048,6.109408728691073e-07,0.47340872342218476,0.4734087234206066,1.57818202950466e-12,357624.97862516687,4825851.302094634,0.07410609159671823,0.0006435268717468437,1.528251544654481,1315.9605955864351,0.0008039736237485796,3.157030192824095e-12
4096,2048,1.955954372455339e-06,0.4884259715676209,0.48842597157048395,2.8630431359033537e-12,132248.8311807367,1274576.3424263005,0.10375905057910151,0.0012681672049813667,1.524430551585512,719.5775145314918,0.001407458032944723,3.7125857943465235e-12
4096,2048,6.262074902863491e-06,0.4932898914167928,0.4932898914314361,1.4643286583293502e-11,40645.21933285143,357477.0849765283,0.11370020916311369,0.002371375136398577,1.5176938371064934,400.2139229834212,0.0025061538691677774,-8.611777957412414e-12
4096,2048,2.004831127008725e-05,0.49061579685826007,0.4906157968612135,2.9534152901078414e-12,12497.51600531551,104562.86940386298,0.11952154791243517,0.004334785578956269,1.5057412343969507,223.4329252760151,0.004479363030255375,-2.3021584638627246e-12
4096,2048,6.418556006069384e-05,0.4839106292716304,0.4839106292560018,1.562860951764833e-11,3828.610869221952,31420.481278018106,0.12185080283606169,0.007826571206460745,1.484601131566819,124.8386361243095,0.008012323501380645,-5.5138116294983774e-11
4096,2048,0.0002054929248056811,0.47149318158554593,0.4714931814283645,1.5718143453469224e-10,1186.8512554828815,9596.649107150493,0.12367350751613444,0.014011855261388345,1.4475207903640033,69.7689987640711,0.014334090062701506,8.549250196665525e-11
4096,2048,0.0006578947368421052,0.44932984131838666,0.4493298420771623,7.587756534199741e-10,361.173923645029,2958.4345316394183,0.12208278391237011,0.024883740085114875,1.3834811514323822,39.00045020527622,0.025641321633975166,1.0959411156363785e-10
